collection,source_doc,difficulty,question,ground_truth,generated_answer,faithfulness,correctness,faithfulness_reason,correctness_reason
atsb_cs500_co50,AO-2024-064 Final.pdf,easy,"What was the registration number of the Boeing 737-838 that diverted to Canberra due to storms in Sydney, resulting in a passenger loading error?",VH-XZK,The registration number was VH-XZK.,3,3,The registration number VH-XZK is explicitly stated multiple times in the context in relation to the Boeing 737-838 that diverted to Canberra due to storms and experienced the passenger loading error.,The generated answer exactly matches the ground truth answer VH-XZK.
atsb_cs500_co50,AO-2024-064 Final.pdf,easy,How many passengers originally boarded the Boeing 737-838 in Perth before it diverted to Canberra due to storms at Sydney in 2024?,172 passengers,172 passengers originally boarded the Boeing 737-838 in Perth before it diverted to Canberra.,3,3,"The answer is fully supported by the context, which explicitly states there were 172 passengers on board during the flight from Perth to Sydney.","The generated answer matches the ground truth answer exactly, stating 172 passengers boarded in Perth."
atsb_cs500_co50,AO-2024-064 Final.pdf,medium,Why did the flight crew decide to divert to Canberra Airport instead of holding near Sydney?,"Sydney Airport was not accepting arrivals for about one hour due to storms in the vicinity, so rather than holding until the storms cleared, the flight crew diverted to Canberra with the intention of continuing to Sydney once it reopened.",The flight crew diverted to Canberra Airport rather than holding near Sydney because Sydney Airport would not be accepting arrivals for about one hour due to storms in the vicinity.,3,2,"The generated answer is fully supported by the context, which explicitly states the flight crew diverted to Canberra because Sydney Airport would not accept arrivals for about one hour due to storms.",The answer correctly identifies the reason for diversion (storms causing Sydney to not accept arrivals) but omits the detail that they intended to continue to Sydney once it reopened.
atsb_cs500_co50,AO-2024-064 Final.pdf,medium,What procedural changes did Qantas implement regarding communication of loadsheet errors to flight crew?,Qantas revised its procedures for communicating critical flight information to flight crew and will implement a new procedure that allows load control personnel to contact flight crew directly via the aircraft communications addressing and reporting system when a loadsheet error is identified.,"I cannot determine this from the provided context.

The context describes the existing procedure (the LOCO should contact the MOCO in Canberra who would notify the flight crew) and indicates there is a section titled ""What has been done as a result,"" but the actual procedural changes implemented by Qantas are not included in the provided text.",3,0,"The generated answer accurately reflects that the context does not contain information about procedural changes implemented, only describing existing procedures and mentioning a section title without content.",The answer completely fails to provide the ground truth information about Qantas revising procedures and implementing direct communication via aircraft communications addressing and reporting system.
atsb_cs500_co50,AO-2024-064 Final.pdf,hard,"What sequence of system and human failures led to the flight crew receiving an incorrect loadsheet, and why did the error remain uncorrected despite being identified before departure?","A minor data input error (entering the Boeing 717 code instead of Boeing 737 code) resulted in an automatic reduction of 51 passengers in the system. This cascaded through the departure control system where airport personnel used the erroneous data to close the flight, and load control created the incorrect loadsheet. Although airport personnel later identified the issue, they were unable to rectify it and did not advise load control. Load control personnel had concerns about the data validity but issued the loadsheet without resolution. Even after load control identified the error before departure and raised it with airport movement control, communication procedures were not followed and airport personnel were unsuccessful in communicating the error to the flight crew prior to departure.","Based on the provided context, the sequence of failures was:

**System/Data Failure:**
A minor data input error caused an automatic, undetected reduction in passenger numbers, resulting in a loadsheet that understated the aircraft weight by 4,291 kg.

**Human Failures Leading to Issuance:**
Load control personnel issued the erroneous loadsheet to the flight crew despite having ongoing concerns about the validity of the data and not resolving those concerns.

**Communication Failures After Detection:**
The error was identified by load control after issuance but before departure. However, it remained uncorrected because:

1. The load control officer (LOCO) initially attempted mobile phone contact with the captain
2. The flight crew had deselected the ground communication frequency and were not contactable by radio
3. After instructing the customer service agent to contact the flight crew in person, communication procedures were not followed
4. Qantas airport personnel were unsuccessful in communicating the error to the flight crew prior to departure

The flight crew departed and were not informed of the error until after the aircraft had already left Canberra.",3,2,"The generated answer is fully supported by the context, accurately reflecting the system error, human failures in issuance despite concerns, and the multiple communication failures that prevented correction before departure.","The answer is mostly correct and captures the key failures, but omits the specific detail about the Boeing 717/737 code error and does not mention that airport personnel identified the issue but were unable to rectify it and did not advise load control, which was part of the cascading failure sequence in the ground truth."
atsb_cs500_co50,AO-2022-052 Final.pdf,easy,"What was the registration number of the Virgin Australia Boeing 737 that was incorrectly cleared for runway 34L near Armidale on October 19, 2022?",VH-YFT,The registration number was VH-YFT.,3,3,"The answer is directly supported by the context which states 'On 19 October 2022, a Boeing 737-8FE aircraft, registered VH-YFT and operated by Virgin Australia, departed Brisbane' and mentions runway 34L clearance in the same incident.",The generated answer exactly matches the ground truth answer of VH-YFT.
atsb_cs500_co50,AO-2022-052 Final.pdf,easy,What was the flight number of the Virgin Australia Boeing 737 that was incorrectly cleared for runway 34L instead of 16L near Armidale on 19 October 2022?,VA942,"I cannot determine this from the provided context.

The context confirms that on 19 October 2022, a Boeing 737 (VH-YFT) operated by Virgin Australia was incorrectly cleared for runway 34L instead of 16L near Sydney Airport, but the flight number is not mentioned in the provided text.",3,0,"The generated answer accurately states that the flight number is not mentioned in the provided context and correctly identifies details that are present (date, aircraft registration, operator, runway confusion).","The generated answer fails to provide the ground truth flight number VA942, stating it cannot be determined from the context."
atsb_cs500_co50,AO-2022-052 Final.pdf,medium,Why did confusion occur between the crew and ATC regarding the runway assignment?,"The enroute controller verbally issued a clearance for runway 34L, which the crew read back, but runway 16L was actually operational at the time. The error likely occurred due to momentary interference of related information about the assigned flight level (FL 340) and the runway (34L).","Based on the context provided, confusion occurred between the crew and ATC regarding the runway assignment because:

1. An incorrect clearance was verbally communicated to VA942 by the enroute controller (assigning runway 34L)
2. The crew did not fully scrutinize the ATIS information, which indicated that runway 34L was not in operation
3. The crew did not enquire further with ATC about the conflicting runway assignment of 34L until they were transferred to the approach controller
4. When the approach controller correctly instructed them to expect runway 16L, this conflicted with their previous clearance, initially leading to confusion

The confusion was essentially caused by an incorrect initial clearance that conflicted with both the ATIS information and the subsequent correct runway assignment from the approach controller.",3,2,"The generated answer is fully supported by the context, accurately citing the incorrect clearance, ATIS information issues, crew's failure to enquire, and confusion when approach controller provided the correct runway.",The answer correctly identifies the main cause (incorrect clearance for 34L when 16L was operational) but misses the specific detail from the ground truth about the momentary interference between FL 340 and runway 34L that likely caused the error.
atsb_cs500_co50,AO-2022-052 Final.pdf,medium,How did the approach controller respond when the crew questioned the runway assignment?,The approach controller confirmed that runways 16L and 16R were in operation and that 16L had been assigned. They also offered to give the crew extra track miles with vectors if needed to help them descend.,"The approach controller confirmed that runways 16L and 16R were in operation, and that 16L had been assigned. The controller also advised the crew that if they needed extra track miles to adjust, that option was available.",3,3,"The generated answer is fully supported by the context, which explicitly states the approach controller confirmed runways 16L and 16R were in operation, that 16L had been assigned, and offered extra track miles if needed.","The generated answer correctly captures all key elements from the ground truth: confirmation of runways 16L/16R in operation, assignment of 16L, and the offer of extra track miles, with only minor wording differences."
atsb_cs500_co50,AO-2022-052 Final.pdf,hard,How was this air traffic control error prevented from developing into a more serious safety incident?,"Although the enroute controller verbally issued an incorrect runway (34L instead of 16L) which was not caught during read-back/hear-back, the correct information had been entered into the air traffic management system. This allowed the approach controller to identify and rectify the error with the crew well before landing, and the crew subsequently performed a safe independent visual approach to the correct runway 16L.","Based on the context provided, the air traffic control error was prevented from developing into a more serious safety incident because ""air traffic control intervened quickly and appropriately to resolve the risks of each descent below the minimum safe altitude.""",3,0,The generated answer directly quotes information from the provided context about air traffic control intervening quickly and appropriately.,"The generated answer describes a different incident involving descent below minimum safe altitude, while the ground truth describes an incorrect runway assignment error that was caught and corrected by the approach controller."
atsb_cs500_co50,AO-2023-057 Final.pdf,easy,What was the date of the mid-air collision between two SIAI-Marchetti S-211s conducting formation filming over Port Phillip Bay that resulted in fatal injuries?,19-Nov-23,"The mid-air collision occurred on 19 November 2023.

Note: While the context confirms the date and that this was a mid-air collision between two SIAI-Marchetti S-211s conducting formation filming over Port Phillip Bay, I cannot confirm from the provided excerpts that the collision resulted in fatal injuries, though this detail was included in your question.",3,3,"The generated answer is fully supported by the context, which explicitly states the date as '19 November 2023' in multiple places, and the system appropriately notes that fatal injuries are not confirmed in the provided excerpts.","The generated answer provides the exact date (19 November 2023) that matches the ground truth answer (19-Nov-23), with both representing the same date in different formats."
atsb_cs500_co50,AO-2023-057 Final.pdf,easy,What were the callsigns used by VH-DQJ and VH-DZJ during the formation flight?,VH-DQJ was Viper 1 and VH-DZJ was Viper 2,VH-DQJ used the callsign 'Viper 1' and VH-DZJ used the callsign 'Viper 2'. The formation operated under the callsign 'Viper Formation'.,3,3,"The answer is fully supported by the context, which explicitly states that VH-DQJ operated as 'Viper 1', VH-DZJ as 'Viper 2', and the formation used the callsign 'Viper Formation'.","The answer correctly identifies VH-DQJ as Viper 1 and VH-DZJ as Viper 2, matching the ground truth, and includes the additional accurate detail about the formation callsign."
atsb_cs500_co50,AO-2023-057 Final.pdf,medium,What happened to Viper 2 after the collision and what was the outcome for the occupants?,"After the collision, Viper 2 continued to climb and began rolling right, rolled to an inverted attitude, assumed a near-vertical nose-down flight path and impacted the water at high speed. Both occupants were fatally injured.","After the collision, Viper 2's right wing was severely damaged, causing immediate loss of control. The aircraft continued to climb and began rolling right, passing above and behind Viper 1. It rolled to an inverted attitude and quickly assumed a near-vertical, nose-down flight path toward the water, commencing a slow right roll until impacting the water at high speed. Both occupants were fatally injured.",3,3,"The generated answer is fully supported by the context, accurately describing the damage, loss of control, flight path, and fatal outcome for both occupants using information directly from the provided passages.","The generated answer matches the ground truth answer completely, including all key details about the climbing, rolling, inverted attitude, nose-down flight path, water impact, and fatal injuries to both occupants."
atsb_cs500_co50,AO-2023-057 Final.pdf,medium,What was the planned manoeuvre sequence that the crews briefed before the flight?,"Viper 1 would fly inverted, straight and level, while Viper 2, flying upright, would move to the right line abreast position for filming. Viper 2 would start in right echelon position, move rearward to allow Viper 1 room to roll inverted, then move forward and climb or descend to reach the line abreast position at the same altitude.","Based on the provided context, the crews briefed several manoeuvres during the pre-flight briefing, the first of which involved Viper 2 moving into a line abreast position to the right of an inverted Viper 1 for filming. However, the complete planned manoeuvre sequence beyond this first manoeuvre is not detailed in the context provided.",3,1,"The generated answer accurately reflects what is stated in the context, correctly noting that Viper 2 would move into a line abreast position to the right of inverted Viper 1, and appropriately acknowledges that additional details are not provided in the context.","While the generated answer correctly identifies the first maneuver, it is missing significant details about the sequence including Viper 2 starting in right echelon position, moving rearward to allow room for Viper 1 to roll inverted, and then moving forward and climbing/descending to reach the line abreast position."
atsb_cs500_co50,AO-2023-057 Final.pdf,hard,What were the multiple regulatory and operational deficiencies that contributed to reducing safety assurance for this flight?,The pilot of Viper 1 had a medical restriction requiring a side-by-side cockpit configuration and a qualified safety pilot which were not being followed; the operator did not hold the required operating certificate to undertake the filming flight; the aircraft were not permitted to be used for that purpose; and the specific manoeuvre where Viper 2 passed directly beneath Viper 1 had not been briefed before the flight.,"I cannot determine this from the provided context.

The context contains fragments from multiple different aviation safety reports (referenced as AO-2024-064, AO-2023-023, and mentions of Alliance Airlines and Flight Training Adelaide), but does not provide a comprehensive list or clear description of ""multiple regulatory and operational deficiencies"" for any single specific flight. The excerpts discuss various safety actions, findings, and general safety messages, but do not systematically identify deficiencies that reduced safety assurance for a particular flight.",3,0,"The generated answer accurately reflects that the provided context does not contain information about the specific regulatory and operational deficiencies mentioned in the question, and appropriately acknowledges the limitations of the available information.","The generated answer fails to identify any of the specific deficiencies mentioned in the ground truth (medical restriction violations, missing operating certificate, unauthorized aircraft use, and unbriefed maneuvers), instead stating the information cannot be determined from the context."
atsb_cs500_co50,AO-2023-043 Final.pdf,easy,What was the registration number of the Malaysia Airlines aircraft that overran Melbourne Airport's runway 34 during resurfacing works in September 2023?,9M-MTL,The registration number was 9M-MTL.,3,3,"The answer is directly supported by the context, which explicitly states the Malaysia Airlines aircraft registration as 9M-MTL in multiple places.",The generated answer exactly matches the ground truth answer of 9M-MTL.
atsb_cs500_co50,AO-2023-043 Final.pdf,easy,On what date did the Bamboo Airways Boeing 787-9 overrun runway 34?,18-Sep-23,18 September 2023,3,3,"The answer is directly stated in the first sentence of the context, which specifies the date as 18 September 2023.","The generated answer provides the exact same date as the ground truth, just in a different format (full month name versus abbreviated)."
atsb_cs500_co50,AO-2023-043 Final.pdf,medium,Why did the flight crews of both aircraft use incorrect take-off performance calculations?,"The flight crews did not recognise that reduced runway length operations would be in effect and used the normal, full-length of runway 34 for their take-off performance calculations, resulting in reduced-thrust engine settings that extended the aircraft take-off runs beyond the temporary runway end.","Based on the provided context, the flight crews used incorrect take-off performance calculations for the following reasons:

1. **VN-A819 crew**: Used an incorrect loadsheet to calculate aircraft performance, which resulted in take-off speeds 3-4 kt less than those applicable to the aircraft's actual weight. The captain recalled being aware of the reduced passenger figure but did not recount having undertaken the required ZFW (Zero Fuel Weight) reconciliation calculation.

2. **Bamboo Airways crew**: Were delayed preparing the aircraft for departure due to recurring power outages, which resulted in increased workload and perceived time pressure, contributing to errors in their take-off performance calculations.

Additionally, in both cases, dispatchers did not effectively highlight important information to the flight crews, and in the case of VN-A819, the dispatcher included a misleading crew briefing note.",3,0,"The generated answer is fully supported by the context, accurately citing information about incorrect loadsheets, power outages causing delays, and dispatcher issues.","The generated answer completely misses the key issue from the ground truth about not recognizing reduced runway length operations and using full-length runway for calculations, instead focusing on different issues mentioned in the context."
atsb_cs500_co50,AO-2023-043 Final.pdf,medium,What additional factors affected the Bamboo Airways flight crew's ability to review flight information properly?,"The Bamboo Airways flight crew experienced delays and additional workload due to repeated aircraft power outages, which influenced their normal flight information review procedures. Due to perceived time pressures, the crew did not conduct additional review of the NOTAMs after boarding the aircraft.","According to the context, the Bamboo Airways flight crew experienced **repeated aircraft power outages** which caused delays and additional workload. These power outages influenced their normal flight information review procedures. Due to the **perceived time pressures** created by these issues, the crew did not conduct an additional review of the NOTAMs after boarding the aircraft.",3,3,"The generated answer is fully supported by the context, accurately citing the repeated aircraft power outages, delays, additional workload, time pressures, and lack of additional NOTAM review.","The generated answer matches the ground truth answer completely, covering both the power outages/delays/workload and the time pressures that prevented additional NOTAM review."
atsb_cs500_co50,AO-2023-043 Final.pdf,hard,What were the systemic weaknesses across multiple layers of defense that allowed both runway excursions to occur despite different operators being involved?,Multiple defensive layers failed: dispatchers calculated correct performance but didn't highlight the reduced runway length to crews; operators didn't ensure dispatchers knew what information to emphasize; flight crews didn't properly review NOTAMs or detect runway length information in ATIS broadcasts; crews didn't confirm ATIS versions with ATC as required and controllers didn't challenge this; visual cues at the runway were inadequate as lights weren't designed to alert crews and no construction signage was provided; and both Part 139 Manual of Standards and ICAO Annex 14 didn't provide for conspicuous visual aids to alert pilots to significant runway changes.,"Based on the context provided, the systemic weaknesses across multiple layers of defense were:

1. **Procedural reliance only**: Risk controls were predominantly procedural, depending entirely on flight crews carefully reviewing aerodrome information sources.

2. **Limited preventative controls**: There were ""limited other preventative risk controls"" beyond the procedural requirements for this scenario.

3. **Information overlooked**: Despite available information through multiple channels (ATC communications, internal communications from aircraft operators and flight dispatchers, and aerodrome visual aids), it was overlooked by flight crews in both occurrences.

4. **Lack of visual differentiation**: Flight crews were ""presented with a visual image almost identical to that of a normal runway,"" providing no direct visual cue of the hazard.

5. **Insufficient defensive layers**: The context explicitly states that ""additional defensive layers are required"" and suggests that direct communication from ATC to flight crews could provide ""additional assurance of flight crew awareness.""

The fundamental weakness was over-reliance on a single procedural layer (flight crew review) without adequate backup defenses to catch errors when that layer failed.",3,2,"The generated answer is fully supported by the context, accurately extracting and representing information about procedural reliance, limited preventative controls, overlooked information, lack of visual differentiation, and insufficient defensive layers.","The answer captures key systemic weaknesses but misses several specific failure points mentioned in the ground truth, including dispatcher-to-crew communication failures, ATIS version confirmation issues, ATC not challenging crews, and regulatory gaps in Part 139 MOS and ICAO Annex 14."
atsb_cs500_co50,AO-2024-006 Final_Report.pdf,easy,What was the registration number of the Qantas A380 that flew 34 cycles with a tool left in its outboard left engine after maintenance at Los Angeles International Airport in December 2023?,VH-OQI,The registration number was VH-OQI.,3,3,"The answer is directly supported by the context, which explicitly states that aircraft VH-OQI flew 34 cycles with the tool in the outboard left engine after maintenance at LAX in December 2023.","The generated answer perfectly matches the ground truth answer, providing the exact registration number VH-OQI."
atsb_cs500_co50,AO-2024-006 Final_Report.pdf,easy,How many flight cycles did the aircraft complete with the tool in the engine?,34 cycles totalling 293.74 hours,The aircraft completed 34 flight cycles with the tool in the engine.,3,2,"The generated answer is fully supported by the context, which explicitly states 'The aircraft had flown 34 cycles' multiple times.",The answer correctly provides the number of cycles (34) but omits the additional detail about the total flight hours (293.74 hours) that is included in the ground truth.
atsb_cs500_co50,AO-2024-006 Final_Report.pdf,medium,What actions did LAME 1 take when AME 2 asked if the tools should be returned to the tool store after AME 1 left for a medical appointment?,"LAME 1 advised AME 2 to leave the tools with the aircraft as the afternoon shift would complete the remainder of the task, and then reassigned AME 2 and the support engineer to other tasks.","LAME 1 advised AME 2 to leave the tools with the aircraft as the afternoon shift, commencing at 1500, would complete the remainder of the task.",3,2,"The generated answer is directly supported by the context, which states 'LAME 1 advised AME 2 to leave the tools with the aircraft as the afternoon shift, commencing at 1500, would complete the remainder of the task.'","The generated answer captures the main action correctly but omits the detail that LAME 1 also reassigned AME 2 and the support engineer to other tasks, which is mentioned in the ground truth."
atsb_cs500_co50,AO-2024-006 Final_Report.pdf,medium,What immediate actions did Qantas Engineering take following the discovery of the tool in the engine on 2 January 2024?,"Qantas Engineering raised an internal incident report with an immediate action to brief staff on the importance of ensuring that all tooling is returned and actioned by tool store personnel. An internal investigation was completed and on 4 March 2024, an internal safety directive was released requiring all employees to meet company tooling control requirements without exception.","Based on the context provided, on 2 January 2024, Qantas Engineering took the following immediate actions:

1. Raised an internal incident report
2. Implemented an immediate action to brief staff on the importance of ensuring that all tooling is returned and actioned by tool store personnel
3. Completed an internal investigation, which resulted in the executive manager for Qantas Engineering releasing an internal safety directive on 4 March 2024 requiring all Qantas Engineering employees to meet the requirements of tooling control without exception",3,3,"The generated answer is fully supported by the context, accurately citing the internal incident report, staff briefing, internal investigation, and the March 4, 2024 safety directive.","The generated answer matches the ground truth answer completely, including all key details about the immediate actions taken on January 2, 2024 and the subsequent safety directive on March 4, 2024."
atsb_cs500_co50,AO-2024-006 Final_Report.pdf,hard,"How did the combination of personnel changes, handover procedures, and tool tracking system usage contribute to the tool remaining in the engine for 34 flight cycles?","AME 1 signed out the tool but left early for a medical appointment without returning it, with the tool remaining assigned to them. LAME 1 instructed AME 2 to leave tools with the aircraft for the afternoon shift rather than return them. The support engineer who used the turning tool left for rostered days off. Although the tool store personnel identified the unreturned tool at 1500, the lost tool procedure was not commenced prior to aircraft release to service, and the certifying engineer did not follow up on the lost tool before releasing the aircraft. The tool was not located during end-of-task foreign object inspections, allowing the aircraft to fly 34 cycles before the tool was discovered during the next scheduled maintenance check.","I cannot determine this from the provided context.

The context describes tool control procedures, tracking systems, and shift handover requirements, but it does not provide specific information about how personnel changes, handover procedures, and tool tracking system usage combined to result in a tool remaining in an engine for 34 flight cycles. The context does not mention ""34 flight cycles"" or explain the specific breakdown in these systems that led to this outcome.",3,0,The generated answer accurately reflects that the provided context does not contain information about the 34 flight cycles or the specific sequence of events involving personnel changes and handover failures.,"The generated answer fails to provide any of the key details from the ground truth about AME 1's medical appointment, LAME 1's instructions, the support engineer's departure, the failure to commence lost tool procedure, and the certifying engineer's oversight."
atsb_cs500_co50,AO-2023-007 Final.pdf,easy,What was the registration number of the Qantas Boeing 737 that experienced an uncommanded left engine shutdown while flying from Auckland to Sydney on 18 January 2023?,VH-XZB,"I cannot determine this from the provided context.

The context provided includes information about several Qantas Boeing 737 incidents (including flights QF933, QF520, and others), but none of them involve a flight from Auckland to Sydney on 18 January 2023.",3,0,"The generated answer accurately states that the provided context does not contain information about a flight from Auckland to Sydney on 18 January 2023, which is fully supported by the context.","The generated answer fails to provide the ground truth registration number VH-XZB, instead correctly stating the information is not in the context."
atsb_cs500_co50,AO-2023-007 Final.pdf,easy,What was the date of the engine failure on Qantas flight VH-XZB traveling from Auckland to Sydney?,18-Jan-23,The engine failure on Qantas flight VH-XZB traveling from Auckland to Sydney occurred on 18 January 2023.,3,3,"The generated answer is fully supported by the context, which explicitly states the engine failure involved VH-XZB en route from Auckland to Sydney on 18 January 2023.","The generated answer matches the ground truth answer perfectly, providing the exact date of 18 January 2023 in a complete sentence format."
atsb_cs500_co50,AO-2023-007 Final.pdf,medium,What mechanical failure caused the uncommanded engine shutdown?,"Separation of the radial driveshaft located in the inlet gearbox, which resulted in a mechanical discontinuity between the engine core and accessory gearbox, causing loss of fuel pump pressure.","The uncommanded engine shutdown was caused by the separation of the radial driveshaft located in the inlet gearbox. This separation resulted in a mechanical discontinuity between the engine core and accessory gearbox, which led to a loss of fuel pump pressure and the subsequent engine failure.",3,3,"The generated answer is fully supported by the context, accurately describing the radial driveshaft separation, mechanical discontinuity, and loss of fuel pump pressure exactly as stated in the provided passages.","The generated answer matches the ground truth answer completely, covering all key elements including the radial driveshaft separation, its location in the inlet gearbox, the mechanical discontinuity, and the loss of fuel pump pressure."
atsb_cs500_co50,AO-2023-007 Final.pdf,medium,"What flight level did the flight crew request to descend to after declaring MAYDAY, and why did they choose this altitude?","The flight crew requested an immediate descent to flight level 240 (24,000 ft) after declaring MAYDAY to prioritise communications with air traffic control and ensure they were cleared for descent.","According to the context, the flight crew requested to descend to flight level 240 (24,000 ft) after declaring a MAYDAY. They chose this altitude to prioritize communications with air traffic control and to ensure they were cleared for an immediate descent following an uncommanded shutdown of the left engine.",3,3,"The generated answer is fully supported by the context, which explicitly states the flight crew declared MAYDAY and descended to flight level 240 to prioritise communications with ATC and ensure clearance for immediate descent.","The generated answer matches the ground truth answer completely, including the flight level (240/24,000 ft) and both reasons for choosing this altitude (prioritising communications and ensuring clearance for descent)."
atsb_cs500_co50,AO-2023-007 Final.pdf,hard,How did the aircraft's EDTO operational authorization and the mechanical failure combine to create the circumstances that led to the MAYDAY declaration and specific flight crew decisions?,"The aircraft was authorized for EDTO operations up to 180 minutes from an alternate aerodrome, meaning it was operating far from suitable airports. When the radial driveshaft separated causing engine shutdown that could not be restarted in-flight, the flight crew's location in this extended range required them to declare MAYDAY to prioritize communications and ensure immediate descent clearance, as they would need to continue on a single engine for an extended period to reach either Auckland or Sydney.","Based on the provided context, the EDTO operational authorization meant the aircraft was authorized to operate up to 180 minutes or 1,200 NM from an alternate aerodrome. When the uncommanded shutdown of the left engine occurred, the flight crew's location at that time—presumably in an EDTO segment far from suitable airports—combined with the single-engine situation to create circumstances where they declared a MAYDAY. This declaration was specifically made to prioritize communications with air traffic control and ensure immediate clearance for descent to flight level 240. The EDTO authorization had placed them in a position where an engine failure required immediate assistance due to their distance from diversion airports, meeting the MAYDAY criteria of ""being threatened by serious and/or imminent danger and requiring immediate assistance.""",3,3,"The generated answer is fully supported by the context, accurately referencing the EDTO authorization limits, engine shutdown, location-based reasoning for MAYDAY declaration, and the definition of MAYDAY from the operational procedures.","The generated answer correctly captures all key elements from the ground truth: EDTO authorization up to 180 minutes from alternates, engine shutdown that couldn't be restarted, the location-based necessity for MAYDAY declaration, and the need to continue on single engine to reach an airport."
atsb_cs500_co50,AO-2024-057 Final_3.pdf,easy,"What was the registration number of the Boeing 737 that experienced an engine failure during takeoff from runway 34R at Sydney Airport on 8 November 2024, subsequently starting a grass fire?",VH-VYH,"I cannot determine this from the provided context.

The context mentions an engine failure involving Boeing 737 VH-VYH at Sydney Airport on 8 November 2024, and separately describes an incident where an engine failure during takeoff caused fragments to land on grass and ignite a fire. However, the context does not explicitly confirm that VH-VYH was the aircraft involved in the specific incident with the grass fire on runway 34R on 8 November 2024.",1,0,"The generated answer is overly cautious and fails to connect information that is clearly linked in the context, where VH-VYH is identified as the aircraft in the November 8, 2024 incident that involved engine failure and grass fire.","The generated answer fails to provide the correct registration number VH-VYH, instead claiming it cannot determine this information despite it being present in the context."
atsb_cs500_co50,AO-2024-057 Final_3.pdf,easy,What runway did the aircraft take off from at Sydney Airport?,Runway 34R,"Based on the context provided, the aircraft took off from runway 16L at Sydney Airport.",3,0,"The generated answer is fully supported by the context, which explicitly states that 'VH-VZM was preparing to take off' from 'runway 16L at Sydney Airport'.","The generated answer states runway 16L, which completely contradicts the ground truth answer of runway 34R."
atsb_cs500_co50,AO-2024-057 Final_3.pdf,medium,What caused the right engine to fail according to the manufacturer's teardown analysis?,"A fatigue crack in one of the high-pressure turbine (HPT) blades, which was liberated from the HPT disc during take-off, damaging other components and resulting in a contained engine failure.","I cannot determine this from the provided context.

The context indicates that a **left engine** failure occurred due to a high-pressure turbine blade that failed from a fatigue crack. However, the question asks about the **right engine**, which is not discussed in the provided context.",3,0,The generated answer correctly identifies that the context discusses the left engine failure and appropriately refuses to answer about the right engine which is not mentioned in the context.,"The generated answer fails to provide the correct information about the engine failure, incorrectly claiming the question asks about the right engine when the ground truth clearly describes a high-pressure turbine blade fatigue crack failure."
atsb_cs500_co50,AO-2024-057 Final_3.pdf,medium,Why did the flight crew choose to land on runway 34L instead of returning to runway 34R?,"Because the aircraft was slightly over its maximum landing weight due to unspent fuel, the expected landing distance was higher for a single engine landing, and runway 34L was longer (3,962 m vs. 2,438 m). Additionally, runway 34R was closed due to engine fragments and a grass fire.","I cannot determine this from the provided context.

The context discusses an air traffic control error where a controller incorrectly issued a clearance for runway 34L instead of 16L, but it does not mention anything about runway 34R or any decision by the flight crew to choose between runway 34L and runway 34R.",3,0,"The generated answer correctly states it cannot determine the answer from the context, which is faithful since the context does not contain information about the comparison between runways 34L and 34R or reasons for choosing one over the other.","The generated answer provides no information matching the ground truth about landing weight, landing distance requirements, runway lengths, or the closure of runway 34R due to engine fragments and fire."
atsb_cs500_co50,AO-2024-057 Final_3.pdf,hard,How does this incident demonstrate that existing safety measures were effective despite the engine having a known history of similar failures?,"The incident demonstrates effective safety measures through multiple layers: the flight crew's training and procedures enabled a decisive and appropriate response during a critical phase of flight; the engine manufacturer had previously implemented risk mitigation by lowering the recommended removal threshold (RRT) and introducing improved HPT blade configurations; the engine was scheduled for removal just 13 days after the incident; the failure was contained rather than catastrophic; and the manufacturer's analysis confirmed the blade configuration still met reliability targets and regulatory requirements, showing the system was managing known risks appropriately.","I cannot determine this from the provided context.

The context does not contain information about the engine having a known history of similar failures, nor does it provide details about how existing safety measures were effective in this incident.",3,0,"The generated answer correctly acknowledges that the provided context does not contain information about engine history or effectiveness of safety measures, which is faithful to the limited context provided.","The generated answer fails to provide any of the key information from the ground truth, including crew response, manufacturer actions, removal scheduling, or containment details, though this appears to be because crucial context was not provided to the RAG system."
atsb_cs500_co50,AO-2023-026-Final.pdf,easy,What was the registration number of the Boeing 717 aircraft that experienced a crew incapacitation incident during approach to Hobart Airport on 6 June 2023 after a chlorine odour was detected?,VH-NXM,The registration number was VH-NXM.,3,3,"The answer is directly supported by the context, which explicitly states the aircraft registration as VH-NXM in multiple places throughout the provided text.",The generated answer exactly matches the ground truth answer VH-NXM.
atsb_cs500_co50,AO-2023-026-Final.pdf,easy,On what date did the flight crew incapacitation incident occur?,6-Jun-23,The flight crew incapacitation incident occurred on 6 June 2023.,3,3,The answer is directly supported by the context which explicitly states the occurrence date as '6 June 2023' in multiple places.,"The generated answer matches the ground truth answer exactly, providing the same date in a slightly different format (6 June 2023 vs 6-Jun-23)."
atsb_cs500_co50,AO-2023-026-Final.pdf,medium,What symptoms did the cabin crew experience after noticing the chlorine odour during climb out from Sydney?,"The cabin crew reported dizziness, mild discomfort described as pressure increasing in their head, and a metallic taste.","According to the context, the cabin crew experienced the following symptoms after noticing the chlorine odour during climb out from Sydney:

- Dizziness
- Mild discomfort described as pressure increasing in their head
- A metallic taste",3,3,"The generated answer lists symptoms that are directly stated in the provided context, which mentions cabin crew reported dizziness, mild discomfort described as pressure increasing in their head, and a metallic taste.","The generated answer exactly matches the ground truth answer by listing all three symptoms: dizziness, pressure increasing in head, and metallic taste."
atsb_cs500_co50,AO-2023-026-Final.pdf,medium,What deficiency did the ATSB identify in National Jet Systems' cabin air quality events procedure?,"The procedure captured the recording/reporting of odours, post-flight care of crew and maintenance actions, but did not consider the possible application of the smoke/fumes procedure or incapacitation procedure, creating an increased risk of flight crew being adversely affected during critical stages of flight.","The ATSB identified that National Jet Systems' cabin air quality events procedure did not consider the possible application of the smoke/fumes procedure or incapacitation procedure. While the procedure captured recording/reporting of odours, post-flight care of crew, and maintenance actions, this omission created an increased risk of flight crew being adversely affected by such an event during a critical stage of flight.",3,3,"The generated answer is fully supported by the context, accurately citing the deficiency regarding smoke/fumes and incapacitation procedures, and the increased risk during critical flight stages.","The generated answer matches the ground truth answer completely, covering all key elements including what was captured, what was missing, and the resulting risk."
atsb_cs500_co50,AO-2023-026-Final.pdf,hard,"How did the sequence of events involving the chlorine odour, crew symptoms, and crew response demonstrate gaps in both procedures and training that could have prevented the incapacitation from affecting the approach phase?","The cabin crew initially noticed the chlorine odour during climb out and reported symptoms, but the cabin air quality events procedure did not prompt consideration of using the smoke/fumes procedure or supplemental oxygen. Later, when the captain experienced hypoxia-like symptoms on approach, the lack of training on subtle cognitive incapacitation meant the first officer continued flying despite developing slowed reactions and cognitive difficulties. If the initial procedure had prompted oxygen use or if training had better addressed subtle incapacitation recognition, the crew could have mitigated the effects before reaching the critical approach phase.","Based on the provided context, the sequence demonstrated the following procedural and training gaps:

1. **Inadequate procedure scope**: The Cabin Air Quality (CAQ) procedure did not include consideration of fumes events leading to incapacitation, leaving crews unprepared for this scenario.

2. **Lack of oxygen use protocol**: The procedure did not direct crews to use oxygen, which would have ""significantly reduce[d] the risk of both flight crew becoming partially incapacitated.""

3. **Poor timing of preparation**: The crew were unprepared when the event occurred ""at a critical phase of flight"" (approach), meaning they had to manage the emergency during high workload operations.

4. **Inadequate preventive training**: The crew did not anticipate or prepare for the possibility that a CAQ issue could escalate to an incapacitation event during approach.

The context indicates that proper procedures requiring early oxygen use and training on fumes-to-incapacitation scenarios could have prevented or minimized the impact during this critical flight phase.",3,2,"The generated answer is fully supported by the context, accurately citing the lack of CAQ procedure consideration for incapacitation events, absence of oxygen use protocols, and the critical phase timing issues.","The answer correctly identifies procedural gaps but misses key details from the ground truth about the cabin crew noticing the odour during climb out, the first officer's continued flying despite symptoms, and the specific issue of subtle cognitive incapacitation recognition in training."
atsb_cs500_co50,AO-2022-029 Final.pdf,easy,What was the registration number of the Virgin Australia Boeing 737-800 that experienced a flight control issue departing Gold Coast Airport on 27 April 2022?,VH-YFZ,VH-YFZ,3,3,The answer is fully supported by the context which clearly states the registration was VH-YFZ for the Virgin Australia Boeing 737-800 involved in the Gold Coast Airport occurrence on 27 April 2022.,The generated answer exactly matches the ground truth answer of VH-YFZ.
atsb_cs500_co50,AO-2022-029 Final.pdf,easy,On what date did this flight control systems occurrence take place?,27-Apr-22,The flight control systems occurrence took place on 27 April 2022.,3,3,"The answer is directly supported by the context, which clearly states the occurrence took place on 27 April 2022 at Gold Coast Airport, Queensland.","The generated answer correctly identifies the date as 27 April 2022, which matches the ground truth answer of 27-Apr-22 in full date format."
atsb_cs500_co50,AO-2022-029 Final.pdf,medium,What was the pilot's immediate response when noticing the aircraft's tendency to roll to the right after take-off?,"The pilot added 1.5° of left rudder trim to keep the wings level, and when flaps were retracted during climb, the rudder was trimmed back to 0°.",The pilot added 1.5° of left rudder trim to keep the wings level.,3,2,The generated answer is directly supported by the context which states 'the pilot flying noticed that the aircraft had a tendency to roll to the right and added 1.5° of left rudder trim to keep the wings level.',"The generated answer is partially correct as it mentions the immediate response of adding 1.5° left rudder trim, but omits the important detail that the rudder was trimmed back to 0° when flaps were retracted during climb."
atsb_cs500_co50,AO-2022-029 Final.pdf,medium,"What component failure did the ATSB identify as the root cause, and what was the nature of the failure?","A pre-existing fatigue crack progressed through the aft flap's inboard programming roller cartridge, which held a roller that guided the aft flap during extension and retraction, resulting in component failure.","Based on the provided context, the ATSB identified the separation of the radial driveshaft (located in the inlet gearbox) as the root cause. This separation resulted in a mechanical discontinuity between the engine core and accessory gearbox, which led to loss of fuel pump pressure and uncommanded engine shutdown.",3,0,"The generated answer is fully supported by the context, accurately citing the radial driveshaft separation and its consequences as described in the provided text.","The generated answer describes a completely different component failure (radial driveshaft in inlet gearbox) than the ground truth (fatigue crack in aft flap's inboard programming roller cartridge), indicating the RAG system retrieved context from a different incident."
atsb_cs500_co50,AO-2022-029 Final.pdf,hard,"Why was the fatigue crack in the roller cartridge not detected before failure, and what action did the ATSB take in response?","The area where fatigue cracks developed was not included in Boeing's detailed inspection of the flap actuation system. Although a general visual inspection was specified and last occurred in October 2020, it could not be determined if the crack was present then. With at least 6 of 10 similar failures between 2017-2022 having been inspected several times prior to failure, the ATSB issued a safety recommendation to Boeing to increase detection of fatigue cracks in roller cartridges prior to failure.","Based on the provided context, the fatigue crack was not detected before failure for two reasons:

1. **Location of the crack**: The cracking occurred ""predominantly on the side of the cartridge that abutted the roller track,"" making it ""very difficult to observe on-wing.""

2. **Inspection scope limitation**: The fatigue cracking ""occurred in an area that was not included in the detailed flap actuation system inspection.""

Regarding ATSB action, the context identifies this as a ""Safety issue"" but does not describe what specific action the ATSB took in response. The context only shows Boeing's response stating they ""does not concur that this event represents a safety issue."" The specific actions taken by the ATSB are not provided in this context.",3,2,"The generated answer is fully supported by the context, accurately citing the location of the crack and inspection scope limitations, and correctly noting that specific ATSB actions are not described in the provided context.",The answer correctly identifies why the crack was not detected but is missing the key information about the ATSB issuing a safety recommendation to Boeing and the detail about 6 of 10 similar failures having been inspected several times prior to failure.
atsb_cs500_co50,AO-2023-038 Final.pdf,easy,"What was the registration number of the ERJ-190 that flew below the minimum safe altitude of 3,300 ft while conducting an orbit at 1,800 ft during the Napier RNP 16 instrument approach on 24 May 2023?",VH-IKJ,The registration number was VH-IKJ.,3,3,"The generated answer is directly supported by the context, which explicitly states that VH-IKJ was the aircraft that flew below minimum safe altitude during the Napier RNP 16 approach on 24 May 2023.",The generated answer exactly matches the ground truth answer of VH-IKJ.
atsb_cs500_co50,AO-2023-038 Final.pdf,easy,What was the minimum safe altitude where the crew conducted the orbit?,"3,300 ft","The minimum safe altitude where the crew conducted the orbit was 3,300 ft.",3,3,"The answer is directly supported by the context which explicitly states 'The flight crew conducted an orbit at 1,800 ft where the minimum safe altitude was 3,300 ft.'","The generated answer exactly matches the ground truth answer of 3,300 ft."
atsb_cs500_co50,AO-2023-038 Final.pdf,medium,Why did the crew conduct a holding pattern at waypoint GENDA during descent?,"Due to reduced track miles and extra fuel uplifted in Auckland, the aircraft would be approaching its maximum landing weight on arrival at Napier. To reduce the aircraft weight, they conducted a holding pattern and started the auxiliary power unit (APU) to increase the fuel burn.","I cannot determine this from the provided context.

The context mentions holding patterns at waypoints MOMBI, SARUS, and references a hold at GENDA only in relation to weight and timing considerations (""If the crew had not completed the hold at GENDA...""). However, the context does not explain why the crew conducted the holding pattern at GENDA during descent.",3,0,"The generated answer accurately states that the provided context does not contain information explaining why the crew conducted the holding pattern at GENDA, which is faithful to what is actually in the context.","The generated answer fails to provide any of the key information from the ground truth about maximum landing weight, fuel burn, and APU usage as reasons for the holding pattern at GENDA."
atsb_cs500_co50,AO-2023-038 Final.pdf,medium,What additional tasks interrupted the crew near waypoint ELBOW that contributed to the high workload during the approach?,"The aircraft flew through a thin layer of stratus cloud resulting in an ice detection system advisory alert. This required the crew to conduct the Stall Protection Ice Speed checklist, and to recomplete the Approach checklist.","According to the context, after passing the initial approach fix at ELBOW, the aircraft unexpectedly encountered ice, requiring the crew to conduct the appropriate checklists, which increased their workload during a critical phase of flight.",3,2,"The generated answer is fully supported by the context, which explicitly states that after passing ELBOW, the aircraft encountered ice requiring the crew to conduct appropriate checklists that increased workload.",The generated answer correctly identifies the ice encounter and need for checklists but lacks the specific details from the ground truth about the ice detection system advisory alert and the specific checklists (Stall Protection Ice Speed checklist and Approach checklist re-completion).
atsb_cs500_co50,AO-2023-038 Final.pdf,hard,How did the series of delays and operational pressures starting in Auckland contribute to the crew's decision to orbit below the minimum safe altitude rather than conducting a missed approach?,"The crew experienced multiple delays in Auckland (customs processing, passenger cargo retrieval, flight plan issues), departed 2 hours 47 minutes late, were pressured to depart before airport closure, then had to manage maximum landing weight issues requiring a holding pattern, followed by an ice detection alert requiring additional checklists. These cumulative time pressures and high workload led the crew to believe they could comply with visual approach criteria and conduct an orbit at 1,800 ft instead of a safer missed approach, despite being 1,500 ft below the 3,300 ft minimum safe altitude.","I cannot determine this from the provided context.

While the context describes delays and time pressures starting in Auckland, and mentions that the crew conducted an orbit while feeling time pressure, it does not explicitly explain how these factors contributed to the crew's decision to orbit *below the minimum safe altitude* rather than conducting a missed approach. The context does not provide information about the altitude of the orbit relative to minimum safe altitudes or the crew's decision-making process regarding that specific choice.",3,0,"The generated answer accurately represents what is and is not present in the provided context, correctly noting that while delays and time pressure are mentioned, the specific altitude violations are not detailed in the given excerpts.","The generated answer fails to provide the key information present in the ground truth about the cumulative pressures leading to the orbit decision and completely omits the critical detail about the 1,800 ft orbit being 1,500 ft below the 3,300 ft minimum safe altitude."
atsb_cs500_co50,AO-2023-042 Final.pdf,easy,What was the registration number of the Boeing 737 that experienced an in-flight upset 143 km west of Ballina/Byron Gateway Airport when the pilot monitoring inadvertently activated the rudder trim instead of the door unlock switch?,VH-YQR,The registration number was VH-YQR.,3,3,"The answer is fully supported by the context, which explicitly states the aircraft registration as 'Boeing 737-8FE, VH-YQR' in the findings section.","The generated answer matches the ground truth answer exactly, providing the correct registration number VH-YQR."
atsb_cs500_co50,AO-2023-042 Final.pdf,easy,What was the maximum bank angle reached during the upset?,About 42° left angle of bank,"Based on the provided context, there are two different maximum bank angles mentioned:

- One section states the aircraft attained **42° left bank angle**
- Another section mentions the aircraft rolled to **nearly 50° bank angle**

The context appears to be describing different incidents. For what seems to be the primary incident being discussed in detail, the maximum bank angle reached was **42° left bank**.",3,3,"The generated answer accurately identifies both bank angles mentioned in the context (42° and nearly 50°) and correctly notes they refer to different incidents, which is fully supported by the provided passages.","The generated answer correctly identifies the maximum bank angle as 42° left bank for the primary incident, matching the ground truth answer, while also providing helpful context about a separate incident mentioned in the passages."
atsb_cs500_co50,AO-2023-042 Final.pdf,medium,Why did the autopilot initially fail to prevent the aircraft from banking left despite applying corrective aileron input?,"The autopilot reached the limit of its authority after 5 seconds of left rudder trim application, causing the aircraft to begin banking left with a rapidly increasing rate of bank.","The autopilot initially failed to prevent the aircraft from banking left because it reached the limit of its control authority. During single autopilot operations, there was limited roll input authority and a limit to the maximum aileron input that could be applied. Once the autopilot reached this maximum allowable aileron input (after 5 seconds of full left rudder trim), it could no longer counter the increasing rudder trim and yaw, causing the aircraft to continue banking left beyond what the autopilot could control.",3,3,"The answer is fully supported by the context, which explicitly states that the autopilot had limited roll authority during single autopilot operations and reached its maximum aileron input after 5 seconds of full left rudder trim.","The answer correctly identifies that the autopilot reached its authority limit after 5 seconds of left rudder trim application, matching the ground truth's key points about the autopilot reaching its limit and the resulting bank angle increase."
atsb_cs500_co50,AO-2023-042 Final.pdf,medium,What procedural changes did Virgin Australia implement following this incident?,"Virgin Australia limited the time that the door unlock switch was to be held in the unlock position, provided a briefing on the event to flight crews, and made changes to the non-technical skills program addressing this type of occurrence.","Based on the context provided, Virgin Australia implemented the following procedural changes:

1. **Flight deck door entry procedures**: Changed to limit the time that the door unlock switch was to be held in the unlock position.

2. **Safety communications**: Published a safety update for all flight crew two days after the incident, providing contextual information about the occurrence and highlighting missing waypoints in the vertical profile depiction on the Jeppesen Cairns RNP Y runway 33 chart, while emphasizing the requirement for approach transition selection.

3. **Non-technical skills program**: Made changes addressing this type of occurrence.

4. **Flight crew briefings**: Provided briefings on the event to flight crews.

5. **Safety management and information-based changes**: Implemented changes designed to improve flight crew awareness of changes to runway configuration and related aircraft performance criteria.",2,2,"The answer is mostly supported by the context, but point 5 about runway configuration changes appears to refer to a different incident than the door unlock switch incident described in the ground truth.","The answer correctly identifies the three main procedural changes from the ground truth (door unlock procedures, flight crew briefings, non-technical skills program changes) but adds additional items that may relate to different incidents, creating some confusion about which specific incident is being addressed."
atsb_cs500_co50,AO-2023-042 Final.pdf,hard,How did the sequence of the pilot monitoring's actions and attention shifts contribute to the inadvertent rudder trim application and why was the problem not immediately corrected?,"The PM visually identified the flight deck door switch but then diverted their attention to the door itself before grasping the switch, causing them to inadvertently grasp and activate the rudder trim control instead. The problem persisted because when both pilots felt the initial roll/yaw, they scanned instruments but found nothing abnormal, so the PM continued holding what they believed was the door switch while looking at the door. The autopilot initially masked the problem by applying corrective aileron, and even after the upset occurred, the flight crew couldn't promptly identify the left yaw as the primary cause, delaying the restoration of balanced flight.","Based on the context provided:

The pilot monitoring (PM) was distracted while talking to the pilot flying and monitoring the aircraft approaching cruise altitude. The PM looked away from the panel when selecting the switch, which contributed to mis-selecting the rudder trim control instead of the FLT DK DOOR switch, activating it to the full left position.

The problem was not immediately corrected because the PM continued to maintain input on the rudder trim control while looking forward, outside the aircraft, and scanning instruments after both pilots felt the yaw/roll. The delay in identifying the unintended rudder trim was further compounded by the very small displacement of the rudder pedals at maximum trim application and the pilot flying's limited experience on the aircraft, despite the large right wing down aileron input that indicated a yaw-related issue.",3,2,"The generated answer is fully supported by the context, accurately describing the PM's distraction, looking away from the panel, mis-selection of the rudder trim, continued maintenance of input while scanning instruments, and factors delaying identification.","The answer captures the key elements of distraction and delayed correction but misses important details from the ground truth about the specific sequence (looking at door before grasping switch), autopilot masking the problem, and inability to identify left yaw as primary cause."
atsb_cs500_co50,AO-2022-061_FINAL.pdf,easy,"What was the registration number of the Cessna Citation Mustang that descended to 800 feet below the lowest safe altitude while approaching Bankstown Airport 15 km west of the airport after last light on November 16, 2022?",VH-IEQ,The registration number was VH-IEQ.,3,3,"The answer is fully supported by the context, which clearly identifies VH-IEQ as the Cessna Citation Mustang involved in the flight below minimum altitude incident on 16 November 2022.","The generated answer exactly matches the ground truth answer, providing the correct registration number VH-IEQ."
atsb_cs500_co50,AO-2022-061_FINAL.pdf,easy,What time did last light occur at Bankstown on 16 November 2022?,About 2004 (approximately 8:04 PM local time),Last light at Bankstown occurred at about 2004 (8:04 PM) on 16 November 2022.,3,3,"The answer is directly supported by the context which states 'at about 2004, last light for Bankstown occurred.'","The generated answer matches the ground truth answer exactly, providing both the time (about 2004) and the clarification that this is approximately 8:04 PM."
atsb_cs500_co50,AO-2022-061_FINAL.pdf,medium,What altitude did the aircraft descend to and how far below the lowest safe altitude was this?,"The aircraft descended to a height of 1,000 ft, which was about 800 ft below the lowest safe altitude for the area","Based on the context provided, the aircraft descended to 1,705 ft at waypoint BRKSI, which was 1,295 ft below the segment minimum safe altitude (SMSA) at that point.",3,1,"The generated answer is fully supported by the context, which explicitly states the aircraft crossed BRKSI at 1,705 ft, which was 1,295 ft below the SMSA.","The generated answer provides accurate information from one part of the flight, but misses the ground truth answer which refers to a different incident where the aircraft descended to 1,000 ft, approximately 800 ft below the safe altitude."
atsb_cs500_co50,AO-2022-061_FINAL.pdf,medium,What happened immediately after the pilot received clearance from ATC to join final for runway 11 centre?,"Immediately after responding to ATC, the aircraft began a left turn onto a track of approximately 060° (true), and near the completion of the left turn at 2015:22, the aircraft began to descend from 2,000 ft","According to the context, immediately after the pilot received clearance from ATC to fly directly toward final approach for runway 11 centre, the pilot started tracking toward final approach.",3,1,"The generated answer is directly supported by the context which states 'Immediately after this clearance, the pilot started tracking toward final approach.'","The generated answer provides only a general statement about tracking toward final approach, while the ground truth specifies detailed actions including a left turn to track 060° and descent from 2,000 ft at a specific time."
atsb_cs500_co50,AO-2022-061_FINAL.pdf,hard,"What was the primary cause of the pilot descending below the lowest safe altitude, and how did the timing of the flight contribute to this error?","The pilot had submitted a flight plan for an arrival after last light (which occurred at 2004), requiring night operation rules, but the pilot followed day operation rules instead because there was still ambient light available. This led to the pilot descending below the lowest safe altitude applicable for night operations. The flight's timing near the transition from day to night (arriving at 2020, about 16 minutes after last light) contributed to this confusion between which rules applied.","Based on the provided context, the primary cause was that both flight crews did not recognize that an approach transition selection was required in the flight management system, which resulted in the aircraft descending below segment minimum safe altitudes.

The timing of the flight contributed significantly to this error because both approaches occurred at a time when the flight crewmembers had inadequate sleep. This caused them to experience a level of fatigue known to adversely affect performance. This fatigue, combined with a period of high workload during the second approach, led to the early descent and monitoring errors.",3,0,"The generated answer is fully supported by the context, accurately citing the contributing factors about approach transition selection and the role of fatigue and inadequate sleep mentioned in the context.","The generated answer describes a completely different incident involving approach transition selection and fatigue, while the ground truth answer describes an incident involving confusion between day and night operation rules near the transition from day to night."
atsb_cs500_co50,AO-2024-032-Final.pdf,easy,"What was the registration number of the Boeing 737 that experienced severe turbulence 36 km south-east of Brisbane Airport in May 2024, resulting in a cabin crew member suffering a fractured ankle?",VH-VYK,"The registration number was VH-VYK.

Note: While the context confirms this aircraft experienced severe turbulence at the specified location and date resulting in cabin crew injuries, I cannot confirm from the provided context that a crew member specifically suffered a fractured ankle, as the injury details mentioned only refer to ""various injuries"" including ""minor injuries"" and ""a facial injury.""",3,3,"The answer correctly identifies VH-VYK as the registration number, which is directly stated in the context, and appropriately notes that while injuries occurred, the specific detail about a fractured ankle is not confirmed in the provided context.",The generated answer provides the correct registration number VH-VYK that matches the ground truth answer.
atsb_cs500_co50,AO-2024-032-Final.pdf,easy,What time did the aircraft depart from Sydney?,1202 local time,"Based on the context provided, there are two different departure times from Sydney mentioned:

1. **0415** (04:15 local time) - for a flight to Brisbane
2. **1055** (10:55) - for a flight to Gold Coast Airport

The context describes two separate flights departing from Sydney at different times.",3,0,The generated answer accurately identifies the two departure times from Sydney that are explicitly mentioned in the provided context.,"The generated answer provides departure times of 0415 and 1055, but neither matches the ground truth answer of 1202 local time, which is not present in the provided context."
atsb_cs500_co50,AO-2024-032-Final.pdf,medium,What injuries did the three cabin crew members sustain during the turbulence event?,"Two crew members received minor injuries, including a facial injury and concussion, while the third was seriously injured with a fractured ankle.","According to the context, of the three injured cabin crew members: one received a concussion, one received a concussion, and the third was seriously injured with a fractured ankle.",2,1,The answer correctly mentions the fractured ankle and concussion but misses the facial injury mentioned in the context and incorrectly states two people had concussions.,The answer identifies the fractured ankle and mentions concussion but fails to capture that only two crew members had minor injuries (facial injury and concussion being separate injuries) and incorrectly duplicates concussion for two crew members.
atsb_cs500_co50,AO-2024-032-Final.pdf,medium,"Why did the cabin crew remain unrestrained during the severe turbulence, and what was the altitude when the turbulence occurred?","The cabin crew remained unrestrained because the captain did not inform them about the expected turbulence during descent, likely due to not being aware of its severity. The turbulence occurred after passing 11,400 ft about 36 km south-east of Brisbane.","Based on the context provided:

**Why cabin crew remained unrestrained:** The cabin crew were unrestrained because they were performing their duties during unanticipated severe turbulence. The captain did not communicate the expected turbulence to the cabin crew, likely because the captain did not know the severity of the turbulence that would be encountered.

**Altitude when turbulence occurred:** The severe turbulence occurred after the aircraft passed 11,400 ft, approximately 36 km south-east of Brisbane.",3,3,"The generated answer is fully supported by the context, accurately citing that the captain did not communicate about turbulence due to not knowing its severity, crew were unrestrained while performing duties, and the turbulence occurred after passing 11,400 ft about 36 km south-east of Brisbane.","The generated answer matches the ground truth answer completely, providing both the reason for crew being unrestrained (captain's lack of communication about turbulence severity) and the correct altitude and location information."
atsb_cs500_co50,AO-2024-032-Final.pdf,hard,"What systemic communication and procedural failures contributed to the risk during this occurrence, and what changes did Qantas implement in response?","The occurrence involved multiple failures: the captain did not inform cabin crew about expected turbulence, the flight crew proceeded with landing unaware that 4 people remained unrestrained in the rear galley assisting the injured crew member, and a concussed crew member returned to work without medical assessment. In response, Qantas updated procedures to mandate immediate doctor assessment of fitness for cabin crew prior to further duties and require immediate medical assessment following moderate or severe turbulence with injuries or unrestrained crew.","Based on the provided context, the systemic failures and Qantas's responses varied by incident:

**Communication/Procedural Failures Identified:**

1. **Crew fitness monitoring**: There was increased risk that a crew member could continue to operate while being unfit for duty due to inadequate notification protocols for crew injury or illness.

2. **Passenger count discrepancies**: Issues with identifying and resolving passenger discrepancies during diversions.

3. **Tool control**: Problems with ensuring all tooling was properly returned during maintenance operations.

**Changes Implemented by Qantas:**

1. **Medical notification protocol** (July 22, 2024): Updated the integrated operations control incident notification communications protocol to include contact with the Qantas on-call doctor for significant cabin crew injury or illness.

2. **Load control procedures**: Amended the diversion checklist to require airport personnel to conduct headcounts when passenger discrepancies are identified, and updated the airport product and service manual.

3. **Tool control**: Briefed staff on the importance of returning all tooling, and the executive manager issued requirements (March 4, 2024) for all employees to meet tooling control requirements without exception.",3,1,"The generated answer is fully supported by the context, accurately citing the safety actions and procedural changes mentioned in the provided documents.","The generated answer describes different incidents and safety actions than those specified in the ground truth, missing the key details about turbulence communication failures, unrestrained crew members, and the concussed crew member returning to work without assessment."
atsb_cs500_co50,AO-2024-035 Final.pdf,easy,What was the registration number of the Boeing 737 involved in the inaugural Batik Air flight from Denpasar to Canberra that descended below minimum altitude at MOMBI on 14 June 2024?,PK-LDK,The registration number was PK-LDK.,3,3,"The answer is fully supported by the context, which explicitly states the registration as PK-LDK multiple times in relation to the Batik Air Boeing 737 involved in the incident.","The generated answer exactly matches the ground truth answer, providing the correct registration number PK-LDK."
atsb_cs500_co50,AO-2024-035 Final.pdf,easy,What date did the incident occur?,14-Jun-24,"The context provided shows multiple different incidents with different dates:

- 29 April 2023
- 18 July 2022
- 24 May 2023
- 16 July 2003
- 8 October 2022

I cannot determine which specific incident you are asking about from the provided context, as multiple incidents are referenced without clear indication of which one is the subject of your question.",3,0,The generated answer accurately identifies multiple incident dates that are explicitly stated in the provided context and correctly notes that it cannot determine which specific incident is being asked about.,"The generated answer does not provide the ground truth date of 14-Jun-24, which is not present in the provided context at all."
atsb_cs500_co50,AO-2024-035 Final.pdf,medium,What was the minimum safe altitude for the MOMBI holding pattern and to what altitude did the aircraft actually descend?,"The minimum safe altitude for the MOMBI holding pattern was 5,600 ft AMSL, but the aircraft descended to 4,700 ft AMSL.","Based on the context provided, the minimum safe altitude for the MOMBI holding pattern was 5,600 ft AMSL. The aircraft actually descended to 4,700 ft AMSL, which was 900 ft below the minimum safe altitude.",3,3,"The generated answer is fully supported by the context, which explicitly states the minimum safe altitude was 5,600 ft AMSL and the aircraft descended to 4,700 ft AMSL.","The generated answer matches the ground truth answer completely, providing both the minimum safe altitude of 5,600 ft AMSL and the actual descent altitude of 4,700 ft AMSL."
atsb_cs500_co50,AO-2024-035 Final.pdf,medium,"Why did Airservices Australia increase the MOMBI holding pattern minimum altitude from 5,100 ft to 5,600 ft, and what was the consequence of this change?","An obstacle evaluation error during a 2022 review led to the increase from 5,100 ft to 5,600 ft. This increase resulted in a transition from the holding pattern to the approach glideslope that increased the risk of unstable approaches and sudden pitch ups.","Based on the provided context, Airservices Australia increased the MOMBI holding pattern minimum altitude from 5,100 ft to 5,600 ft due to higher terrain that was included in the terrain and obstacle assessment area. However, this increase was the result of an error - the assessment failed to correctly incorporate the 14 DME limit, which would have excluded this higher terrain.

The consequence of this change was that it created a transition from the holding pattern to the approach glideslope that increased the risk of unstable approaches and sudden pitch ups. After the Civil Aviation Safety Authority conducted a revalidation test flight and advised Airservices Australia of concerns, the minimum holding altitude was reduced back to 5,100 ft in December 2024.",2,2,"The answer is mostly supported by the context regarding the consequences and the error, but the context states the error was discovered when the 14 DME limit was 'correctly incorporated' later, not that it failed to be incorporated initially, which is a subtle but important distinction.","The answer correctly identifies the consequences and mentions an error, but describes the cause as an 'assessment error' rather than specifically an 'obstacle evaluation error during a 2022 review' as stated in the ground truth."
atsb_cs500_co50,AO-2024-035 Final.pdf,hard,"How did the combination of inadequate crew training, air traffic control communication issues, and procedural deficiencies contribute to the aircraft descending below minimum safe altitude?","The crew had not completed required CTAF training before the flight and deviated from their cleared track by commencing the AVBEG 5A STAR. The controller's altitude instructions to maintain separation from a restricted area made the aircraft higher than desired, leading the crew to use the MOMBI holding pattern to lose altitude. The crew did not select CTAF frequency, preventing them from receiving safety alerts. The controller providing flight information service was not required to know holding pattern minimum altitudes and did not issue a safety alert. Additionally, Batik Air's change management processes failed to identify and mitigate risks for the new route. These factors combined resulted in the aircraft descending to 4,700 ft AMSL, 900 ft below the minimum safe altitude.","I cannot determine this from the provided context.

The context identifies fatigue due to inadequate sleep, high workload, and failure to recognize required approach transition selections as contributing factors to descending below minimum safe altitude. However, the context does not mention inadequate crew training, air traffic control communication issues, or procedural deficiencies as contributing factors. In fact, the context specifically states that ""air traffic control intervened quickly and appropriately to resolve the risks,"" indicating ATC performed well rather than having communication issues.",3,0,"The generated answer correctly identifies that the specific factors mentioned in the question (inadequate crew training, ATC communication issues, procedural deficiencies) are not supported by the provided context, and accurately cites what the context actually states.","The generated answer states it cannot determine this from context, but the ground truth describes specific contributing factors including incomplete CTAF training, procedural deviations, controller limitations, and change management failures that are not addressed in the answer."
atsb_cs500_co50,AO-2023-022 Final.pdf,easy,What were the aircraft registrations of the two Boeing 737s involved in the separation occurrence?,VH-VZM and VH-VZW,The two Boeing 737s involved in the separation occurrence at Sydney Airport on 29 April 2023 were VH-VZM and VH-VZW.,3,3,The generated answer directly matches the aircraft registrations provided in the context document title and is fully supported by the context.,The generated answer provides both aircraft registrations (VH-VZM and VH-VZW) that exactly match the ground truth answer.
atsb_cs500_co50,AO-2023-022 Final.pdf,easy,What was the wind speed and direction during the separation occurrence between VH-VZM and VH-VZW at Sydney Airport on 29 April 2023?,The wind was 202°–228° at 11–14 kt,"I cannot determine this from the provided context.

The context mentions ""The wind at the time was"" but the sentence is cut off before providing the actual wind speed and direction for the 29 April 2023 occurrence. The wind information that is provided (7 kt from 333° magnetic) relates to a different incident at Cairns Airport on 24 October 2022, not the Sydney Airport separation occurrence on 29 April 2023.",3,0,The generated answer accurately acknowledges that the context cuts off before providing the wind information and correctly identifies that the wind data shown relates to a different incident.,"The generated answer states it cannot determine the wind information, while the ground truth provides specific wind speed and direction data that the answer fails to include."
atsb_cs500_co50,AO-2023-022 Final.pdf,medium,Why did the crew of VH-VZM take approximately 4 seconds longer than normal to commence the take-off after receiving clearance?,"The delay was due to a permissible unserviceability affecting the performance of one of the engines, which caused the engines to take longer to stabilise after the thrust levers were pushed forward.","The crew of VH-VZM took approximately 4 seconds longer than normal due to a permissible unserviceability affecting the performance of one of the engines. The aircraft had to push the thrust levers forward and wait for both engines to stabilize, which took about 4 seconds longer than normal because of this engine performance issue.",3,3,"The generated answer is fully supported by the context, which explicitly states that the process took about 4 seconds longer than normal due to a permissible unserviceability affecting one engine's performance.","The generated answer matches the ground truth answer completely, accurately identifying both the cause (permissible unserviceability affecting engine performance) and the effect (engines taking longer to stabilise)."
atsb_cs500_co50,AO-2023-022 Final.pdf,medium,What were the horizontal and vertical separation distances between the two aircraft during the missed approach?,The separation reduced to 0.8 NM (1.5 km) horizontally and 330 ft vertically,"During the missed approach, the separation between the two aircraft reduced to 0.8 NM (1.5 km) horizontally and 330 ft vertically.",3,3,"The generated answer directly matches the information stated in the context, which explicitly states the separation reduced to 0.8 NM (1.5 km) horizontally and 330 ft vertically during the missed approach.","The generated answer is identical to the ground truth answer, providing the exact same horizontal and vertical separation distances."
atsb_cs500_co50,AO-2023-022 Final.pdf,hard,What sequence of events and contributing factors led to the reduced separation between the two aircraft?,"The Cessna Citation Mustang took 23 seconds longer than expected to vacate the runway (73 seconds total), the ADCE then cleared VH-VZM for take-off when VH-VZW was 2.4 NM away, VH-VZM's take-off was delayed by 4 seconds due to an engine unserviceability, the go-around instruction was delayed by 12 seconds due to an inadvertent interjection by the tower shift manager, and the crew of VH-VZW misinterpreted a subsequent instruction which caused them not to turn left at 600 ft as required by the published missed approach procedure.","I cannot determine this from the provided context.

The context mentions a loss of separation event involving an Airbus A330 (VH-EBK) and Boeing 787 (G-ZBKF) near Sydney Airport, and notes that the A330 departed with required spacing behind the B787 and that the controller did not receive a short-term conflict alert. However, the provided excerpts do not explain the actual sequence of events or contributing factors that led to the reduced separation between these two specific aircraft.",3,0,"The generated answer accurately reflects that the provided context does not contain information about the sequence of events and contributing factors, and correctly states it cannot determine this from the context.","The generated answer provides no information matching the ground truth, which describes specific details about the Cessna Citation Mustang's delayed runway vacation, timing issues, engine unserviceability, and crew misinterpretation."
atsb_cs500_co50,AO-2024-030 Final.pdf,easy,What was the registration number of the Alliance Airlines Embraer 190 that experienced an unstable approach after the ILS flight mode unexpectedly disengaged on approach to runway 19 left at Brisbane Airport on 9 May 2024?,VH-UZI,The registration number was VH-UZI.,3,3,"The answer is directly supported by the context, which explicitly states the aircraft registration as VH-UZI in multiple places including the title and investigation summary.",The generated answer exactly matches the ground truth answer of VH-UZI.
atsb_cs500_co50,AO-2024-030 Final.pdf,easy,What was the date of the unstable approach incident involving Alliance Airlines Embraer ERJ-190 VH-UZI when the ILS approach mode unexpectedly disengaged during a night approach to runway 19 left?,9-May-24,The incident occurred on 9 May 2024.,3,3,The generated answer directly states the date '9 May 2024' which is explicitly mentioned multiple times in the provided context as the date of the incident.,"The generated answer '9 May 2024' matches the ground truth answer '9-May-24' exactly, just using a slightly different date format."
atsb_cs500_co50,AO-2024-030 Final.pdf,medium,What type of error did the first officer commit when they pushed the FPA button instead of the FPR button?,"A 'slip' type error where an individual's understanding of the situation is correct, but the wrong action is performed.","The first officer committed a 'slip' type error. This is a failure of execution of an action where an individual's understanding of the situation is correct, but the wrong action is performed.",3,3,"The generated answer is fully supported by the context, which explicitly states that 'The first officer's action constituted a 'slip' type error where an individual's understanding of the situation is correct, but the wrong action is performed.'","The generated answer matches the ground truth answer completely, providing the same definition of a 'slip' type error with the same key characteristics."
atsb_cs500_co50,AO-2024-030 Final.pdf,medium,What changes occurred to the flight director modes when the first officer inadvertently pressed the FPA button?,The lateral and vertical navigation guidance for the flight director changed from localiser (LOC) and glideslope (GS) to aircraft roll angle (ROLL) and flight path angle (FPA).,"When the first officer inadvertently pressed the FPA button, the flight director modes changed from localiser (LOC) and glideslope (GS) to aircraft roll angle (ROLL) and flight path angle (FPA). This also disengaged the aircraft's ILS approach mode.",3,3,"The generated answer is fully supported by the context, which explicitly states the mode changes from LOC/GS to ROLL/FPA and mentions the ILS approach mode was disengaged.",The generated answer matches the ground truth completely and includes the additional accurate detail about ILS approach mode disengagement from the context.
atsb_cs500_co50,AO-2024-030 Final.pdf,hard,"How did the sequence of events lead to the EGPWS glideslope warning, and why did the crew fail to respond appropriately despite multiple opportunities to perform a go-around?","The first officer inadvertently selected FPA mode while attempting to adjust the FPR line, which disengaged the ILS approach mode. The flight crew then focused on troubleshooting and recapturing the ILS mode rather than monitoring the flight path or conducting a go-around when the aircraft became unstable below 500 ft AAL. This led to exceeding the 1.0 dot glideslope deviation limit undetected. The aircraft descended further below the glideslope, triggering the EGPWS warning, but the crew still did not perform the required terrain avoidance manoeuvre and instead continued the approach. The crew's failure stemmed from divided attention on mode recapture rather than flight path monitoring and go-around decision-making.","Based on the provided context, the sequence of events was:

1. The aircraft descended below the glideslope, exceeding the stabilized approach criteria for glideslope deviation
2. This deviation went undetected by the flight crew initially
3. The EGPWS glideslope alert activated as the aircraft continued below the glideslope
4. The alert occurred at night, when procedures required performing the EGPWS corrective maneuver

The crew failed to respond appropriately because they **did not perform the required EGPWS corrective maneuver/terrain avoidance maneuver** and instead **continued the approach**. The context indicates the EGPWS alert ""indirectly indicated to the flight crew that the aircraft had exceeded the stabilised approach criteria,"" representing an opportunity to go around.

However, I cannot determine from the provided context the specific reasons *why* the crew chose not to perform the required corrective action despite these multiple opportunities.",3,1,"The generated answer is fully supported by the context, accurately describing the descent below glideslope, EGPWS alert activation, and the crew's failure to perform the required corrective maneuver.","The answer correctly identifies that the crew failed to perform the required maneuver but is missing the critical details about the FPA button inadvertent activation, ILS mode disengagement, and the crew's focus on troubleshooting rather than flight path monitoring that explains why they failed to respond."
atsb_cs500_co50,AO-2023-041 Final.pdf,easy,What was the aircraft registration number of the Fokker 100 that descended below the segment minimum safe altitude near Adelaide Airport on 30 August 2023?,VH-FGB,The aircraft registration number was VH-FGB.,3,3,"The answer is directly supported by the context, which explicitly states the Fokker 100 registration as VH-FGB in multiple places including the aircraft details section.",The generated answer exactly matches the ground truth answer VH-FGB.
atsb_cs500_co50,AO-2023-041 Final.pdf,easy,What was the cruising altitude of the aircraft during the flight from Brisbane to Adelaide?,"FL 340 (34,000 ft)","I cannot determine this from the provided context.

The context mentions an aircraft cruising at FL 340 and then descending to FL 280 as it passed Adelaide, and another aircraft at FL 270 approximately 350 km south of Brisbane. However, the context does not clearly specify which flight was traveling from Brisbane to Adelaide, or if any of these flights were on that specific route.",3,0,"The generated answer accurately reflects the context by noting that while FL 340 and FL 280 are mentioned, the context does not explicitly state the direction of travel from Brisbane to Adelaide.","The generated answer fails to provide the correct cruising altitude of FL 340, which is mentioned in the context as the aircraft's initial cruising level before descending to FL 280 as it passed Adelaide."
atsb_cs500_co50,AO-2023-041 Final.pdf,medium,What were the altitude restrictions at waypoints PLEZN and KERRS on the BLACK 3A standard instrument arrival?,"At waypoint PLEZN, the aircraft was required to be at or below 9,000 ft. At waypoint KERRS, the aircraft was required to be at or above 5,000 ft.","Based on the context provided, the altitude restrictions were:

- **PLEZN**: at or below 9,000 ft
- **KERRS**: at or above 5,000 ft",3,3,"The generated answer directly states the altitude restrictions that are explicitly mentioned in the context, with no unsupported claims or extrapolation.",The generated answer provides the exact same altitude restrictions as the ground truth answer for both waypoints PLEZN and KERRS.
atsb_cs500_co50,AO-2023-041 Final.pdf,medium,How did the first officer respond when they observed the aircraft continuing to descend despite the captain's command to hold altitude?,The first officer disconnected the autopilot and initiated a climb.,"I cannot determine this from the provided context.

The context does not describe a scenario where the first officer observed the aircraft continuing to descend despite the captain's command to hold altitude, nor does it detail the first officer's response to such a situation.",3,0,"The generated answer is fully supported by the context, as the provided text does not contain information about the first officer disconnecting autopilot in response to observing continued descent despite a captain's command.","The generated answer states it cannot determine the response from the context, while the ground truth provides a specific answer about disconnecting autopilot and initiating a climb, making the generated answer completely incorrect."
atsb_cs500_co50,AO-2023-041 Final.pdf,hard,What was the primary cause of the altitude deviation and how far below the segment minimum safe altitude did the aircraft descend?,"For an undetermined reason, the FMS did not capture the selected altitude of 3,800 ft. This resulted in the aircraft descending about 480 ft below the segment minimum safe altitude of 3,800 ft.","Based on the provided context, the aircraft descended about 480 ft below the segment minimum safe altitude.

Regarding the primary cause, the context indicates that ""Both flight crews did not recognise that an approach transition selection was required"" (listed as a contributing factor), but the complete explanation of the primary cause is not fully detailed in the provided excerpts.",3,2,"The generated answer is fully supported by the context, accurately stating the 480 ft descent and appropriately noting that the approach transition issue was a contributing factor while acknowledging incomplete information.",The answer correctly identifies the 480 ft descent but attributes the cause to approach transition selection rather than the FMS not capturing the selected altitude as stated in the ground truth.
atsb_cs500_co50,AO-2024-007 - FINAL REPORT.pdf,easy,What was the aircraft registration number for the Alliance Airlines E190 that experienced a low-speed event after departing Honiara for Brisbane on 23 February 2024?,VH-UYI,VH-UYI,3,3,"The answer is directly supported by the context, which explicitly states the aircraft registration as VH-UYI for the Alliance Airlines Embraer E190-100 operating flight IE700 from Honiara to Brisbane on 23 February 2024.",The generated answer exactly matches the ground truth answer of VH-UYI.
atsb_cs500_co50,AO-2024-007 - FINAL REPORT.pdf,easy,How many passengers were on board the Alliance Airlines E190 flight that experienced a low-speed event after departing Honiara for Brisbane in February 2024?,66 passengers,"I cannot determine this from the provided context.

The context mentions that on 23 February 2024, Alliance Airlines flight IE700 (VH-UYI) operated from Honiara to Brisbane with ""the captain as pilot monitoring (PM)"" on board, but the text cuts off before stating the number of passengers.",3,0,"The generated answer accurately reflects that the context does not contain the passenger count, as the provided text excerpts cut off before this information is given.","The generated answer states it cannot determine the passenger count, while the ground truth indicates there were 66 passengers, making the answer completely incorrect in terms of providing the requested information."
atsb_cs500_co50,AO-2024-007 - FINAL REPORT.pdf,medium,"What action did the pilot monitoring take when they detected the aircraft was not accelerating, and what was the consequence?","The pilot monitoring retracted one stage of flap, assessing there was too much drag. This resulted in a visual low airspeed cockpit alert because the aircraft was below the minimum flap target speed.","Based on the provided context, when the pilot monitoring (PM) detected the aircraft was not accelerating, they:

1. Instructed the pilot flying (PF) to 'roll out' of the banked turn to reduce drag
2. Further advised the PF 'you're not accelerating'
3. Knowing the landing gear was already retracted, checked other factors

The consequence was that the pilot flying did not follow the instruction to roll out, likely because they believed the call was regarding weather ahead, which they were not concerned about. As a result, the aircraft continued not accelerating.",3,0,The generated answer accurately reflects information found in the provided context about the PM instructing to roll out and the PF not following the instruction.,The generated answer describes a completely different scenario (roll out instruction during a turn) than the ground truth answer (retracting flap stage resulting in low airspeed alert).
atsb_cs500_co50,AO-2024-007 - FINAL REPORT.pdf,medium,What procedural deficiency did the ATSB identify in Alliance Airlines' standard operating procedures manual regarding speed mode selection?,"Alliance Airlines' SOPM included a step of initially selecting the speed knob to 'manual' in its pre-flight procedures, despite that mode very rarely being used for take-off. This increased the risk of flight crews departing with manual speed mode unintentionally selected.","The ATSB identified that Alliance Airlines' pre-flight procedure, consistent with Embraer's airplane operations manual, required flight crew to unnecessarily initially set the speed knob to 'manual'. This increased the risk of the aircraft departing with the incorrect speed mode selected.",3,3,"The generated answer directly quotes and accurately represents information from the context, specifically stating the procedural deficiency about unnecessarily setting the speed knob to manual and the associated risk.","The generated answer captures the key elements of the ground truth: the procedural step of initially selecting manual mode, that it was unnecessary, and that it increased the risk of departing with incorrect speed mode selected."
atsb_cs500_co50,AO-2024-007 - FINAL REPORT.pdf,hard,"How did the combination of procedural deficiencies, training gaps, and crew monitoring failures contribute to this low-speed event, and what evidence from flight data suggests this was a systemic issue?","The incident resulted from multiple contributing factors: Alliance's SOPM requiring manual speed selection despite rarely being used, undocumented shutdown flows, training deficiencies in conducting Before start procedures, and ineffective monitoring by both pilots. Flight data revealed this was systemic, showing 112 flights over 30 months where crews failed to detect manual mode selection, with 76 cases involving crew changing the speed selector during the take-off run, indicating widespread procedural non-compliance.","Based on the provided context:

**Procedural and Training Deficiencies:**
Alliance Airlines flight crews' conduct of Before start procedures and Pre-take-off brief review were not being performed effectively to ensure the speed selector knob was correctly set and checked, likely due to a training deficiency. This increased the risk of low-speed events after take-off.

**Evidence of Systemic Issue:**
A review of flight data found that in 112 flights operated over a 30-month period, there were issues with speed selector knob settings, indicating this was not an isolated incident but a recurring problem across multiple flights and crews.

**Contributing Factors:**
The context also mentions that fatigue (from inadequate sleep and timing of approaches) combined with high workload periods led to monitoring errors and early descent in another incident, demonstrating how human factors can compound procedural deficiencies.

The operator subsequently implemented corrective actions including revisions to standard operating procedures to clarify actions and reduce workload, and revision of training programs, confirming the systemic nature of these deficiencies.",2,2,"The answer is mostly supported by the context but includes some extrapolation about fatigue and monitoring errors from a different incident, and doesn't clearly distinguish between different incidents mentioned in the context.","The answer correctly identifies training deficiencies, the 112 flights over 30 months, and procedural issues, but misses critical details from the ground truth including the SOPM requirements, undocumented shutdown flows, ineffective monitoring by both pilots, and the specific finding that 76 cases involved crews changing the speed selector during the take-off run."
atsb_cs500_co50,AO-2022-033-Final_0.pdf,easy,What was the registration number of the Boeing 737 that experienced a 340 ft altitude discrepancy between crew instruments 167 km west of Meekatharra due to melted pitot-static probe covers?,ZK-TLJ,"I cannot determine this from the provided context.

The context confirms that a Boeing 737 experienced a 340 ft altitude discrepancy due to melted pitot-static probe covers, but the aircraft's registration number is not mentioned in any of the provided text.",3,0,"The generated answer accurately reflects that the context does not contain the aircraft registration number, demonstrating full faithfulness to what information is actually provided.","The answer fails to provide the required registration number (ZK-TLJ) that is in the ground truth, even though stating the information is not in the context is technically accurate."
atsb_cs500_co50,AO-2022-033-Final_0.pdf,easy,What was the altitude discrepancy between the captain's and first officer's altimeters?,340 ft,"The altitude discrepancy between the captain's and first officer's altimeters was 340 ft, with the first officer's altimeter showing a high indication. The discrepancy varied during cruise flight between about 300-390 ft.",3,3,"The answer is fully supported by the context, which explicitly states '340 ft discrepancy' and mentions it 'varied during cruise flight between about 300-390 ft' with the FO's altimeter showing high.","The answer correctly identifies the 340 ft discrepancy and provides additional accurate detail about the variation range, fully matching the ground truth answer."
atsb_cs500_co50,AO-2022-033-Final_0.pdf,medium,Why did the pitot-static probe covers melt onto the probes during the engine ground run?,"The covers were not removed and the automatic pitot heat was not isolated as required by the ground run procedures checklist, causing the polyvinyl chloride covers to melt onto the probes.","The pitot-static probe covers melted onto the probes because they were not removed before the engine ground run, and the automatic pitot heat was not isolated as required by the ground run procedures checklist. Additionally, the operator had sourced locally made polyvinyl chloride covers that were less resistant to heat, which increased the risk of melting when exposed to the activated pitot heat system during engine operation.",3,3,"The generated answer is fully supported by the context, which explicitly states the covers were not removed, automatic pitot heat was not isolated, and the locally made polyvinyl chloride covers were less resistant to heat.",The generated answer matches the ground truth and provides additional accurate detail from the context about the polyvinyl chloride covers being less heat-resistant.
atsb_cs500_co50,AO-2022-033-Final_0.pdf,medium,How did the flight crew determine which set of instruments was reliable after noting the discrepancies?,"The flight crew descended to FL 300 and completed the Quick Reference Handbook Airspeed Unreliable procedure, which involved setting aircraft pitch attitude and Mach indications against aircraft weight and adjusting engine N1 speed to achieve level flight, then comparing displayed values against the known configuration to determine that the first officer's instruments were reliable.","According to the context, the flight crew determined which instruments were reliable by comparing them against the known configuration. Specifically, they assessed the accuracy of the instruments in this way and determined that the First Officer's (FO's) instruments were reliable, and the remainder of the flight was conducted using those instruments.",2,1,"The answer is supported by the context mentioning that accuracy was assessed against known configuration and FO's instruments were determined reliable, but lacks the procedural details that may have been in other parts of the context.","The answer correctly identifies that instruments were compared against known configuration and that the FO's instruments were deemed reliable, but misses significant details about the QRH procedure, FL 300 descent, pitch attitude, Mach indications, and engine N1 speed adjustments mentioned in the ground truth."
atsb_cs500_co50,AO-2022-033-Final_0.pdf,hard,What were the multiple failures in operational procedures and communication that contributed to the safety risk in this incident?,"The incident involved multiple failures: maintenance procedures were not followed during the engine ground run (covers not removed, pitot heat not isolated), inappropriate polyvinyl chloride covers were used instead of heat-resistant materials, the flight crew did not advise ATC of the 340 ft altitude discrepancy which exceeded the 200 ft maximum allowed for RVSM airspace, and the cleaning after the initial melting was inadequate leaving residue that compromised instrument accuracy.","I cannot determine this from the provided context.

The context provided only contains general information about safety issue definitions, the ATSB's approach to findings (not apportioning blame), and the process for sharing draft reports with involved parties. It mentions two specific safety issues by title only (""Undetected cracking resulted in failure"" and ""Manufacturer's manual inconsistencies"") but does not provide details about operational procedure failures or communication breakdowns that contributed to any safety risk.",3,0,"The generated answer accurately reflects that the provided context does not contain information about operational procedures and communication failures, and correctly states it cannot determine this from the context.","The generated answer provides no information about the multiple failures described in the ground truth (maintenance procedures, inappropriate covers, failure to advise ATC, inadequate cleaning), because the context did not contain this information."
atsb_cs500_co50,AO-2023-008 Final.pdf,easy,What was the registration number of the Boeing 737 fireliner that crashed during a retardant drop at Fitzgerald River National Park in February 2023?,N619SW,The registration number was N619SW.,3,3,"The answer is directly supported by the context, which explicitly states the Boeing 737 was 'registered N619SW' in multiple locations.",The generated answer exactly matches the ground truth answer N619SW.
atsb_cs500_co50,AO-2023-008 Final.pdf,easy,What was the elevation of the ridgeline that the aircraft impacted?,About 222 ft,The aircraft impacted a ridgeline at an elevation of about 222 ft.,3,3,"The generated answer directly states information explicitly provided in the context, which clearly mentions the aircraft impacted a ridgeline at an elevation of about 222 ft.","The generated answer matches the ground truth answer exactly, providing the correct elevation of about 222 ft."
atsb_cs500_co50,AO-2023-008 Final.pdf,medium,Why did the ATSB find that the co-pilot did not make announcements about the low energy state prior to the collision?,"Because the operator and tasking agency had not published a minimum drop height, which resulted in the co-pilot not believing there was a minimum drop height.","According to the context, the ATSB found that the co-pilot did not make any announcements about the low energy state prior to the collision because the operator and tasking agency had not published a minimum drop height, which resulted in the co-pilot not believing there was a minimum drop height.",3,3,The generated answer directly quotes and accurately reflects the information provided in the context about why the co-pilot did not make announcements.,"The generated answer fully matches the ground truth answer, providing the exact same causal explanation about the lack of published minimum drop height leading to the co-pilot's belief and inaction."
atsb_cs500_co50,AO-2023-008 Final.pdf,medium,What new documentation did the WA Department of Fire and Emergency Services release in November 2023 in response to this accident?,"The Western Australian Aerial Fire Suppression Procedures 2023-2024, which included a chapter for Large Air Tanker Operating Procedures with standard drop heights for all aircraft types, procedures for task rejection, standdown and reinstatement after safety incidents, and tactical flight profiles.","Based on the context provided, in November 2023, the WA Department of Fire and Emergency Services and the Department of Biodiversity, Conservation and Attractions released the **Western Australian Aerial Fire Suppression Procedures 2023–2024**.",3,1,"The generated answer is fully supported by the context, which explicitly states that in November 2023, the WA Department of Fire and Emergency Services and Department of Biodiversity, Conservation and Attractions released the Western Australian Aerial Fire Suppression Procedures 2023-2024.","The generated answer correctly identifies the document name but is missing significant details about its contents, including the chapter for Large Air Tanker Operating Procedures, standard drop heights, task rejection procedures, and tactical flight profiles mentioned in the ground truth."
atsb_cs500_co50,AO-2023-008 Final.pdf,hard,"How did the combination of operational procedures, crew resource management practices, and regulatory standards contribute to the aircraft entering an unrecoverable low energy state?","The accident resulted from multiple factors: the operator's practice of recalculating and lowering target drop speeds after partial loads, conducting drops at low height and airspeed downhill requiring idle thrust, delays in engine response during go-around, lack of published minimum drop heights from the operator and tasking agency, reactive rather than proactive pilot monitoring duties without call-outs at minimum target parameters, and inconsistencies between Australian agencies' standards due to independent development by each state in the LAT program.","Based on the provided context, I can identify several contributing factors:

**Operational Procedures:** The operator's pilot monitoring duties were reactive rather than proactive - they did not include call-outs before or at minimum target parameters to reduce the risk of a low energy state developing. This increased the risk of aircraft entering an unrecoverable energy state.

**Crew Resource Management:** The context indicates that an elevated level of risk tolerance for hazardous weather conditions developed, though the loss of crew lives and lack of CVR data limited the ability to fully explore crew decision-making processes.

**Regulatory Standards:** The ATSB found inconsistencies between Australian agencies' standards when benchmarked against United States Forest Service and National Wildfire Coordinating Group standards.

**Key Safety Principle:** The context emphasizes that standard operating procedures and crew resource management should prevent unsafe situations from developing rather than relying on recovery actions, as there may be insufficient safety margin available for successful recovery when depending solely on pilot flying performance and recovery call-outs.

However, I cannot provide complete details about how these factors specifically combined to cause an unrecoverable low energy state, as the context appears to reference multiple accidents without providing full details of the causal sequences.",3,2,"The generated answer is fully supported by the context, accurately citing reactive monitoring duties, elevated risk tolerance, inconsistencies in standards, and the safety principle about prevention versus recovery.","The answer correctly identifies reactive monitoring duties and regulatory inconsistencies, but misses several key details from the ground truth including recalculated drop speeds, low height/airspeed downhill drops, engine response delays, and lack of published minimum drop heights."
atsb_cs500_co50,AO-2024-036 FINAL.pdf,easy,What was the registration number of the BAe 146-300 that suffered a tail strike during a foggy approach to runway 19L at Brisbane Airport on 25 June 2024?,VH-SAJ,"I cannot determine this from the provided context.

The context shows that VH-SAJ was involved in a ground strike incident at Brisbane Airport on 25 June 2024, but there is no mention of fog or runway 19L in the provided excerpts.",3,1,"The generated answer accurately reflects what is stated in the context, correctly identifying VH-SAJ and noting the absence of information about fog or runway 19L.","While the answer correctly identifies VH-SAJ as the aircraft involved on 25 June 2024, it fails to provide the registration number as requested, instead questioning details not present in the context."
atsb_cs500_co50,AO-2024-036 FINAL.pdf,easy,What date did the ground strike incident occur?,25-Jun-24,The ground strike incident occurred on 25 June 2024.,3,3,The generated answer is directly supported by the context which clearly states the incident date as '25 June 2024' in the title and findings section.,"The generated answer accurately provides the complete date matching the ground truth, with the same day, month, and year in a fully written format."
atsb_cs500_co50,AO-2024-036 FINAL.pdf,medium,What factors contributed to the first officer's loss of situation awareness during the landing?,"The first officer likely became disoriented after disconnecting the autopilot and did not identify the increasing aircraft pitch attitude, decreasing airspeed, or low power setting, and did not correct the resulting sink rate prior to touchdown.","Based on the provided context, the following factors contributed to the first officer's loss of situation awareness during the landing:

1. **Disorientation after disconnecting the autopilot** on short final - this was identified as the primary contributing factor
2. **Cognitive difficulties and slowed reactions** that the first officer began experiencing shortly before landing
3. **Feeling ""hazy""** at about 100 ft above runway elevation
4. **Slowed reactions to aircraft deviations**, specifically when correcting drift from the runway centreline

The context indicates these symptoms developed during the approach, with the first officer initially not experiencing symptoms when taking over pilot flying duties, but then noticing slowed reactions and cognitive difficulties as the landing approached.",2,2,"The answer is mostly supported by the context, but conflates symptoms (cognitive difficulties, feeling hazy) that occurred during the event with contributing factors that caused the disorientation, which the context identifies as a result rather than a cause.","The answer correctly identifies disorientation after disconnecting autopilot as the main factor, but adds cognitive symptoms as contributing factors when the ground truth focuses on the consequences (not identifying pitch attitude, airspeed, power setting, and sink rate)."
atsb_cs500_co50,AO-2024-036 FINAL.pdf,medium,What changes did ASL Airlines Australia make to their supervised line flying requirements for captains and first officers without jet experience?,"The Planned Supervised Line Flying sectors for Captains with No Jet Experience were increased from 30 to 36 sectors, and Supervised Line Flying sectors for First Officers without previous jet experience were increased from 30 to 36 sectors.","I cannot determine this from the provided context.

The context discusses that ASL Airlines Australia employed and promoted pilots earlier than prescribed minimum experience hours without additional controls, and that crew members did not meet the requirements at the time of their engagement. However, the context does not specify what changes, if any, were made to supervised line flying requirements for captains and first officers without jet experience.",3,0,"The generated answer correctly states it cannot determine the information from the provided context, which is faithful since the context does not contain information about changes to supervised line flying requirements.",The generated answer fails to provide the ground truth information about the increase from 30 to 36 sectors for both captains and first officers without jet experience.
atsb_cs500_co50,AO-2024-036 FINAL.pdf,hard,"How did the combination of crew experience levels, environmental conditions, and crew resource management failures contribute to the tail strike incident?","The incident resulted from multiple interconnected factors: both pilots were appointed below minimum experience requirements without additional controls; the captain had limited multi-crew experience from predominantly single-pilot operations which reduced their ability to include the first officer in decision-making; the captain became preoccupied with fuel levels limiting their monitoring capacity; poor visibility conditions (about 1,000 m in fog) increased workload; and the captain's actions increased pressure on the first officer to commit to landing, ultimately leading to the first officer becoming disoriented after autopilot disconnection and the subsequent tail strike.","Based on the provided context, the tail strike incident resulted from a combination of the following factors:

1. **Crew Experience**: The First Officer's (FO) limited experience in marginal meteorological conditions likely contributed to the tail strike incident.

2. **Environmental Conditions**: The landing occurred in adverse weather with reduced visibility and low cloud.

3. **Crew Resource Management Failures**: The analysis explored operational considerations including situation awareness, command decision-making, and crew communication. The context specifically mentions ""Loss of situation awareness"" as a factor, and the crew were unaware of the tail strike until post-flight inspection.

4. **Command Decision-Making**: The context indicates that had the captain assumed control (through a required takeover procedure), it likely would have reduced the severity of the tail strike, suggesting a failure in proper crew resource management and decision-making during the approach.

The aircraft touched down with a high pitch angle (about 5.3°) and vertical acceleration of about 2.4g, combined with decreasing airspeed, resulting in the tail striking the runway.",3,2,"The generated answer is fully supported by the context, accurately citing crew experience limitations, environmental conditions, loss of situation awareness, and command decision-making issues mentioned in the provided text.","The generated answer captures several key contributing factors correctly but misses critical details from the ground truth including both pilots being appointed below minimum experience requirements, the captain's single-pilot operation background affecting crew coordination, fuel preoccupation limiting monitoring, and the first officer's disorientation after autopilot disconnection."
atsb_cs500_co50,AO-2022-047 Final report.pdf,easy,What was the registration number of the Airbus A330 involved in the loss of separation incident with a Boeing 787 near Sydney Airport on 28 September 2022?,VH-EBK,The registration number of the Airbus A330 involved in the loss of separation incident was VH-EBK.,3,3,"The answer is fully supported by the context, which explicitly states the Airbus A330-202 registration as VH-EBK in the loss of separation incident near Sydney Airport on 28 September 2022.","The generated answer matches the ground truth answer exactly, providing the correct registration number VH-EBK."
atsb_cs500_co50,AO-2022-047 Final report.pdf,easy,What date did the loss of separation incident occur?,28-Sep-22,"Based on the provided context, there were two loss of separation incidents mentioned:

1. **28 September 2022** - involving Airbus A330 VH-EBK and Boeing 787 G-ZBKF near Sydney Airport

2. **29 April 2023** - involving Boeing 737 VH-VZM and Boeing 737 VH-VZW at Sydney Airport

If you're asking about a specific incident, please clarify which one. Otherwise, both dates are loss of separation occurrences documented in the context.",3,2,"The generated answer is fully supported by the context, accurately citing both loss of separation incidents with correct dates, aircraft types, and locations from the provided documents.","The answer correctly identifies the date from the ground truth (28 September 2022) but also includes an additional incident date, making it more comprehensive than required though the primary answer matches the ground truth."
atsb_cs500_co50,AO-2022-047 Final report.pdf,medium,What caused the A330 to turn inside the leading 787 aircraft?,"The actual climb performance of the A330 was greater than the climb performance of the 787, which was not expected or identified by the controller due to their focus on other aircraft. This resulted in the A330, while complying with the SID, turning inside the leading 787.","The A330 turned inside the leading 787 because its actual climb performance was greater than the 787's climb performance. The A330 was on a domestic route with a lower fuel load, while the 787 was on an international route and heavily loaded. This difference in climb performance, which the controller did not expect or identify, caused the A330 to climb faster and turn towards the next waypoint inside the preceding aircraft, resulting in a loss of separation.",3,3,"The generated answer is fully supported by the context, accurately citing the climb performance difference, fuel load factors, controller's failure to identify the difference, and the resulting loss of separation.",The generated answer matches the ground truth answer completely and provides additional accurate details from the context about the domestic vs international routes and fuel loads that explain the climb performance difference.
atsb_cs500_co50,AO-2022-047 Final report.pdf,medium,Why did the DEENA SEVEN SID design fail to provide adequate separation assurance?,"The design of the DEENA SEVEN SID did not provide a positive method of providing separation assurance to aircraft with different performance characteristics. As the aircraft had to satisfy 2 separate conditions prior to turning, there was no way of ensuring aircraft would turn at the same distance from the airport, meaning separation could not be assured.","The DEENA SEVEN SID failed to provide adequate separation assurance because aircraft had to satisfy 2 separate conditions prior to turning. This meant there was no way of ensuring aircraft with different performance characteristics would turn at the same distance from the airport, making it impossible to assure lateral separation between departing aircraft with differing climb performance.",3,3,"The generated answer is fully supported by the context, accurately reflecting the key points about the 2 separate conditions, different performance characteristics, and inability to ensure aircraft turn at the same distance.","The generated answer matches the ground truth answer completely, covering all essential elements including the 2 conditions requirement, different performance characteristics, and the inability to assure separation."
atsb_cs500_co50,AO-2022-047 Final report.pdf,hard,"How did the combination of the DEENA 7 SID design limitations, controller workload, and aircraft performance differences contribute to the loss of separation, and what systemic changes were recommended?","The loss of separation resulted from multiple factors: the DEENA 7 SID's conditional requirements (2 separate conditions before turning) could not ensure aircraft with different performance characteristics would turn at the same distance; the controller's focus on other aircraft prevented them from anticipating that the A330 would climb faster than the 787; and the following A330's superior climb performance allowed it to turn inside the leading 787 while still complying with the SID. Systemically, Airservices Australia redesigned the DEENA SEVEN SID to remove the conditional requirements, with implementation planned as part of the Western Sydney International Airport project.","Based on the provided context, the DEENA 7 SID design limitation was that it required aircraft to satisfy 2 separate conditions prior to turning, which meant there was no way to ensure aircraft would turn at the same distance from the airport. This made it impossible to provide positive lateral separation assurance to departing aircraft with differing climb performance, making the SID susceptible to loss of separation occurrences.

Regarding the systemic changes, the context indicates that Airservices Australia redesigned the DEENA 7 SID to remove the 2-condition requirement, though the full details of the redesign are not provided in the excerpts.

I cannot determine from the provided context the specific role that controller workload played in contributing to the loss of separation, as this factor is not discussed in the available text.",3,2,"The answer is fully supported by the context, accurately describing the SID design limitation, separation issues, and redesign response, while appropriately acknowledging what information is not present in the context.","The answer correctly identifies the SID design limitation and the redesign solution, but misses key details from the ground truth about the specific incident (A330 vs 787, controller focus issues, superior climb performance) and implementation timing related to Western Sydney International Airport."
atsb_cs500_co50,AO-2023-040 FINAL_0.pdf,easy,What was the registration number of the Embraer E190 on Alliance Airlines flight QF1960 that descended at an excessive rate approaching Alice Springs on 24 August 2023?,VH-UYN,The registration number was VH-UYN.,3,3,The answer is directly supported by multiple passages in the context that explicitly state the registration number as VH-UYN for the Embraer E190 on flight QF1960 on 24 August 2023.,"The generated answer perfectly matches the ground truth answer, providing the exact registration number VH-UYN."
atsb_cs500_co50,AO-2023-040 FINAL_0.pdf,easy,How many passengers were on board the Alliance Airlines Embraer E190 flight QF1960 that experienced a high rate of descent near Alice Springs on 24 August 2023?,63 passengers,"I cannot determine this from the provided context.

The context discusses an Embraer E190 flight (VH-UYN) that experienced a navigation event near Alice Springs on 24 August 2023, but it does not mention the flight number QF1960 or provide information about the number of passengers on board that flight.",3,0,The generated answer accurately reflects that the provided context does not contain information about the number of passengers or the flight number QF1960.,"The answer fails to provide the correct number of passengers (63) that was in the ground truth, instead stating the information cannot be determined from the context."
atsb_cs500_co50,AO-2023-040 FINAL_0.pdf,medium,Why did the trainee air traffic controller initially decline to offer a straight-in approach to runway 12?,"Due to a preceding Pilatus PC-12 aircraft inbound from the north and a helicopter arriving from the south, the trainee ADC was not comfortable offering a straight-in approach due to an anticipated increase in their workload.",The trainee ADC initially declined to offer a straight-in approach to runway 12 due to a preceding Pilatus PC-12 aircraft inbound from the north and a helicopter arriving from the south.,2,2,"The answer is mostly supported by the context which mentions the preceding PC-12 and helicopter, though the context appears to be cut off mid-sentence and doesn't explicitly state the trainee 'declined' the approach.",The answer correctly identifies the two aircraft conflicts (PC-12 and helicopter) but omits the important detail about the trainee not being comfortable due to anticipated increased workload.
atsb_cs500_co50,AO-2023-040 FINAL_0.pdf,medium,"What caused the aircraft to descend below 1,800 ft AGL with a rate of descent above 3,000 ft/min?","The crew unnecessarily re-configured the aircraft to increase drag and expedite descent. The autopilot flight mode active at the time caused the aircraft to pitch down to maintain airspeed at the higher drag. The pilot flying then made an inadvertent mode selection that disarmed the altitude select mode, causing the flight director to resume a high rate of descent close to terrain.","Based on the context provided, the aircraft descended below 1,800 ft AGL with a rate of descent above 3,000 ft/min because the flight crew's attempts to arrest the rate of descent were not immediately successful, and the aircraft's automation was not responding to the flight crew inputs in the way the crew anticipated. This occurred after the crew accepted an ATC request at short notice to conduct a straight-in approach.",2,1,"The generated answer accurately reflects that the automation was not responding as expected and attempts to arrest descent were unsuccessful, but does not include specific details about aircraft reconfiguration, autopilot mode behavior, or inadvertent mode selection that are implied in the context.","The generated answer provides a surface-level explanation of what happened but misses the key causal factors mentioned in the ground truth: unnecessary reconfiguration to increase drag, autopilot pitching down to maintain airspeed, and inadvertent mode selection that disarmed altitude select mode."
atsb_cs500_co50,AO-2023-040 FINAL_0.pdf,hard,"How did the sequence of events involving ATC changes, crew reconfiguration decisions, autopilot mode selections, and crew monitoring failures combine to create the unsafe descent situation?","ATC offered a late change from an overfly circuit to a straight-in approach at short notice. The crew accepted and reconfigured the aircraft with high drag to expedite descent, causing the autopilot to pitch down to maintain airspeed. The pilot flying inadvertently made a mode selection that disarmed altitude capture, which went undetected. The captain as pilot monitoring did not promptly identify these changes, partly due to focusing on visual terrain assessment. The combination of increased workload from the late approach change, inadvertent mode selection, and inadequate monitoring of autoflight modes led to the aircraft descending at a high rate close to terrain.","Based on the provided context, the sequence unfolded as follows:

1. **ATC change at short notice**: The crew was expecting to overfly and conduct a circuit to runway 12, but ATC offered a late call for a shortened track and visual approach to the final approach fix, which the crew accepted.

2. **Crew reconfiguration decision**: To expedite the descent for the shortened approach, the crew configured the aircraft with high drag.

3. **Unanticipated descent rate**: The rate of descent became higher than the crew anticipated, exceeding 3,000 ft/min, and the aircraft descended below 1,800 ft AGL.

4. **Autopilot response issue**: When the aircraft's automation was not responding to flight crew inputs in the way they anticipated, attempts to arrest the rate of descent were not immediately successful.

5. **Manual intervention**: The crew ultimately disconnected the autopilot and took manual control of the aircraft.

The context indicates these elements combined to create the unsafe descent, though specific details about crew monitoring failures are not explicitly described in the provided excerpts.",3,2,"The generated answer is fully supported by the context, accurately describing the ATC change, crew reconfiguration with high drag, high descent rate, autopilot issues, and manual takeover without adding unsupported claims.","The answer captures the main sequence of events but misses key details from the ground truth including the inadvertent mode selection that disarmed altitude capture, the captain's monitoring failures due to visual terrain assessment focus, and the specific causal relationships between these factors."
atsb_cs500_co50,AO-2023-023 Final.pdf,easy,"What type of aircraft was involved in the May 2023 runway incursion at Sunshine Coast Airport where a Flight Training Adelaide student pilot incorrectly crossed the holding point at taxiway Foxtrot, causing a Boeing 737 to go around?","Diamond Aircraft Industries Inc. DA 40, registered VH-ERE","Based on the context provided, the aircraft involved in the May 2023 runway incursion at Sunshine Coast Airport was a Diamond Aircraft Industries Inc. DA 40, registered VH-ERE. The context confirms that a student misinterpreted ATC instructions and entered the runway strip while a Boeing 737 was on final approach.",3,3,"The generated answer is fully supported by the context, which explicitly states the findings for the runway incursion at Sunshine Coast Airport on 7 May 2023 involved a Diamond Aircraft Industries Inc. DA 40, VH-ERE, and mentions a student misinterpreting ATC instructions while a Boeing 737 was on final approach.","The generated answer correctly identifies the aircraft type and registration (Diamond Aircraft Industries Inc. DA 40, VH-ERE) matching the ground truth answer exactly."
atsb_cs500_co50,AO-2023-023 Final.pdf,easy,What date did the runway incursion occur?,7-May-23,The runway incursion occurred on 7 May 2023.,3,3,"The generated answer directly matches the date stated in the context, which clearly indicates the incident occurred on 7 May 2023.","The generated answer provides the exact date (7 May 2023) that matches the ground truth answer (7-May-23), just in a different format."
atsb_cs500_co50,AO-2023-023 Final.pdf,medium,What were the safety actions taken by the operator regarding student training and quizzes?,"The operator conducted QFI and student meetings about signs, markings, lights and phraseology at controlled aerodromes, made class G and class C & D airspace quiz results appear in monthly reports, reviewed and updated existing tutorials for class D and C airports, created an exam and quiz specifically for Sunshine Coast Airport, and made quizzes for Sunshine Coast, Archerfield, and Gold Coast airports mandatory for all students before visiting these airports.","I cannot determine this from the provided context.

The context mentions that Flight Training Adelaide issued a notice to crew (NOTAC) regarding landings at controlled zones and conducted a qualified flight instructor meeting, and that the operator had training documents on runway markings and required competency checks before solo flights to Class D airspace. However, there is no specific information about safety actions related to quizzes in the provided text.",3,0,The generated answer accurately reflects what is present in the provided context and correctly states that specific information about quizzes is not available in the given text.,"The generated answer completely fails to provide the correct information about safety actions regarding student training and quizzes, which includes details about QFI/student meetings, quiz results in monthly reports, tutorial updates, and mandatory quizzes for specific airports."
atsb_cs500_co50,AO-2023-023 Final.pdf,medium,Why did the ATSB find it difficult for the pilot to see the Boeing 737 on final approach?,"Due to the angle of the taxiway in relation to the runway, it would have been difficult for the pilot to have seen the 737 aircraft on final. Additionally, the crew of the 737 likely would not have seen the aircraft cross the holding point as it was obscured.","According to the context, the ATSB found it difficult for the pilot to see the 737 on final approach due to the angle of the taxiway in relation to the runway.",3,2,"The generated answer is directly supported by the context which states 'due to the angle of the taxiway in relation to the runway, it would have been difficult for the pilot to have seen the 737 aircraft on final.'",The answer correctly identifies the angle of the taxiway as the reason but omits the additional detail about the 737 crew's obscured view when the aircraft crossed the holding point.
atsb_cs500_co50,AO-2023-023 Final.pdf,hard,"What were the multiple contributing factors that led to the pilot crossing the holding point without clearance, and what safety improvements were implemented by different organizations to address these systemic issues?","The pilot incorrectly believed they were at an intermediate holding position due to the distance from the holding point to the threshold, misunderstood ATC's instruction to hold short at runway 31, and expected a second holding point closer to the runway. Contributing factors included the taxiway angle limiting visibility of the 737, inaccurate CASA manoeuvring maps that didn't correctly depict the holding point or runway, and lack of holding point location information in Airservices Australia charts. In response, Flight Training Adelaide implemented mandatory airport-specific quizzes and enhanced training on controlled aerodrome procedures, Sunshine Coast Airport installed mandatory instruction markings and updated airport information, and CASA upgraded the manoeuvring map, clarified terminology on runway extensions, and supported adding a runway hotspot depiction at taxiway Foxtrot.","I cannot determine this from the provided context.

The context mentions various safety issues and general principles about standard operating procedures, crew resource management, and safety factors, but it does not specifically describe:
1. An incident where a pilot crossed a holding point without clearance
2. The multiple contributing factors to such an incident
3. The specific safety improvements implemented by different organizations to address it

While the context references investigation reports (AO-2024-036 and AO-2023-022), the excerpts provided do not contain the details needed to answer this specific question.",3,0,"The generated answer accurately states that the provided context does not contain information about the specific incident or safety improvements described in the question, which is fully supported by the context excerpts.","The generated answer provides none of the specific details about the holding point incident, contributing factors, or organizational safety improvements that are present in the ground truth answer."
atsb_cs500_co50,AO-2022-032 Final.pdf,easy,What was the aircraft registration number involved in the May 2022 Brisbane Airport incident where pitot probe covers were left fitted prior to pushback?,9V-SHH,"I cannot determine this from the provided context.

The context describes an incident at Brisbane Airport involving pitot probe covers that were left fitted prior to pushback, and mentions it relates to report ""AO-2022-032,"" but the aircraft registration number is not provided in the excerpts given.",3,0,"The generated answer is fully supported by the context, correctly stating that the aircraft registration number is not provided in the given excerpts.","The answer fails to provide the ground truth aircraft registration number (9V-SHH), stating instead that the information cannot be determined from the context."
atsb_cs500_co50,AO-2022-032 Final.pdf,easy,On what date did this flight preparation event occur?,27-May-22,The flight preparation event occurred on 27 May 2022.,3,3,"The answer is fully supported by the context, which clearly states in the title 'Flight preparation event involving Airbus A350-941, 9V-SHH Brisbane Airport, Queensland, on 27 May 2022'.","The generated answer correctly identifies the date as 27 May 2022, which matches the ground truth answer of 27-May-22."
atsb_cs500_co50,AO-2022-032 Final.pdf,medium,What procedural risk controls did the ATSB find were circumvented during this occurrence?,"The licenced aircraft maintenance engineer certified for the removal of the pitot probe covers in the technical log and removed a warning placard from the flight deck without visual or verbal confirmation that the covers had been removed, and a final walk-around of the aircraft by maintenance personnel was not conducted.","I cannot determine this from the provided context.

The context indicates that APAM had implemented required and recommended risk controls, and that ""implemented controls did not achieve the expected outcome,"" but it does not specify which procedural risk controls were circumvented during the occurrence.",3,0,"The generated answer accurately reflects that the provided context does not contain information about which specific procedural risk controls were circumvented, and appropriately states it cannot determine this from the context.","The generated answer fails to provide any of the specific information in the ground truth answer about the maintenance engineer's actions, the certification without confirmation, and the missing final walk-around."
atsb_cs500_co50,AO-2022-032 Final.pdf,medium,What safety improvements did Singapore Airlines implement as a result of this occurrence?,"Singapore Airlines communicated with flight crew about the requirements of their pre-flight walk-around checks and why they are important, and provided Heston MRO at Brisbane with pitot probe covers that have longer streamers to ensure better conspicuity.","Based on the provided context, Singapore Airlines implemented the following safety improvements:

In January 2024, Singapore Airlines emphasized to their pilots the importance of adhering to standard operating procedures in relation to the completion of exterior checks. This was initially communicated to A350 pilots via a memo, and later to all pilots through an Internal Notice to Airmen (INTAM) on 12 December 2023.

The context also indicates that the ATSB considered these actions adequate and closed the associated safety issue (AO-2022-032-SI-03) as ""adequately addressed.""",3,1,"The generated answer is fully supported by the context, accurately citing the memo to A350 pilots and the INTAM issued on 12 December 2023 regarding exterior checks.",The generated answer only covers one of the two safety improvements mentioned in the ground truth (communication about pre-flight checks) but misses the provision of pitot probe covers with longer streamers.
atsb_cs500_co50,AO-2022-032 Final.pdf,hard,How did multiple procedural deficiencies and organizational factors combine to allow the pitot probe covers to remain fitted until just before pushback?,"The occurrence resulted from a combination of factors: the licenced aircraft maintenance engineer circumvented procedural controls by certifying removal without verification, maintenance personnel failed to conduct the final walk-around inspection, flight crew pre-flight inspections were truncated and not conducted per procedures, Heston MRO had not implemented acceptable tooling accountability methods, fatigue management was inadequate as dual-role personnel work hours weren't tracked, and the pitot covers themselves had limited conspicuity due to their height and short streamers. Only the vigilance of a refueller on an adjacent bay prevented the aircraft from potentially departing with the covers still fitted.","Based on the context, multiple procedural deficiencies and organizational factors combined in the following ways:

1. **Circumvented verification procedures**: The LAME certified the removal of pitot covers in the technical log and removed the warning placard without visual or verbal confirmation that the covers had actually been removed, instead making an assumption.

2. **Incomplete walk-around inspections**: Final walk-around inspections by both maintenance personnel and flight crew failed to detect that the covers were still fitted.

3. **Lack of tooling accountability system**: Heston MRO had not yet implemented a previously proposed and accepted method to account for tooling and equipment (such as pitot probe covers) prior to aircraft pushback.

These failures in verification protocols, inspection completeness, and organizational implementation of safety measures allowed the pitot covers to remain on the aircraft despite existing procedures designed to prevent this occurrence.",3,2,"The generated answer is fully supported by the provided context, with all claims directly traceable to specific passages about the LAME's actions, inspection failures, and tooling accountability issues.","The answer captures the main contributing factors correctly but omits several significant details present in the ground truth, including fatigue management issues, dual-role personnel concerns, pitot cover conspicuity problems, and the refueller's role in detection."
atsb_cs500_co50,Final report AO-2022-035 .pdf,easy,What was the registration number of the aircraft that declared a fuel mayday while flying from Brisbane to Perth on 18 July 2022 after descending early due to turbulence abeam Wave Rock?,VH-VZO,VH-VZO,3,3,"The registration number VH-VZO is explicitly stated in the context as the aircraft involved in the fuel MAYDAY declaration abeam Wave Rock, Western Australia on 18 July 2022.",The generated answer VH-VZO matches the ground truth answer exactly.
atsb_cs500_co50,Final report AO-2022-035 .pdf,easy,How many people were on board the aircraft?,"174 people, including 2 flight crew members","I cannot determine this from the provided context.

The context includes information from multiple different aviation incidents (AO-2022-033, AO-2024-032, AO-2023-040, and AO-2022-029), each involving different aircraft with different numbers of people on board. Without knowing which specific incident you're asking about, I cannot provide a single accurate answer.",3,0,"The generated answer is fully supported by the context, which indeed contains information from multiple different incidents without specifying which one is being asked about.","The answer is completely incorrect as it fails to provide the ground truth answer of 174 people, instead stating it cannot determine the number from the context."
atsb_cs500_co50,Final report AO-2022-035 .pdf,medium,Why did the flight crew decide not to divert to Adelaide despite using more fuel than planned?,"They would be required to hold while using fuel to reduce the aircraft's weight to under the maximum landing weight, and they had sufficient fuel to continue to Perth","According to the context, the flight crew decided not to divert to Adelaide because:

1. They would be required to hold at Adelaide while using fuel to reduce the aircraft's weight to under the maximum landing weight
2. They had sufficient fuel to continue to their destination (Perth)

Given these factors, they determined it was more practical to continue to Perth rather than divert to Adelaide.",3,3,"The generated answer is fully supported by the context, which explicitly states both reasons for not diverting to Adelaide.",The generated answer accurately captures both key points from the ground truth: the holding requirement to reduce weight and having sufficient fuel to continue to Perth.
atsb_cs500_co50,Final report AO-2022-035 .pdf,medium,What weather conditions at Kalgoorlie made it less attractive as a diversion option?,"The weather forecast showed an INTER with visibility reduced to 5,000 m in rain with broken cloud at 800 ft","I cannot determine this from the provided context. While the context mentions that ""The weather forecast for Kalgoorlie was also showing an INTER,"" the sentence is incomplete and does not provide the specific weather conditions that would have made it less attractive as a diversion option.",3,0,The generated answer accurately reflects that the context only provides an incomplete mention of Kalgoorlie's INTER forecast without specific weather details.,"The generated answer fails to provide the specific weather conditions (visibility 5,000m in rain with broken cloud at 800ft) that are stated in the ground truth answer."
atsb_cs500_co50,Final report AO-2022-035 .pdf,hard,"What were the primary factors that led to the fuel mayday declaration, and how did the flight crew's decisions and ATC delays contribute to the situation?","The aircraft used an extra 600-700 kg of fuel when it descended from FL 340 to FL 280 and was not flown at the planned speed schedule. Despite having sufficient fuel to continue at the decision point, ATC advised of significant delays greater than the promulgated 10-minute estimate, which meant the aircraft could not land with required fuel reserves. This timing left the crew with no option but to declare a fuel mayday to preserve their required fuel reserve.","Based on the provided context, the primary factors that led to the fuel MAYDAY declaration were:

1. **ATC Delay Notification**: Air traffic control published an estimated 10-minute airborne traffic delay for arrivals into Perth. However, the actual delay exceeded this estimate, and the aircraft did not have sufficient fuel to meet the extended delay beyond what was promulgated.

2. **Timing of Delay Advice**: The critical issue was the timing of when ATC advised of delays greater than the promulgated 10-minute estimate. When this advice was given, the aircraft was already relatively close to Perth, leaving no opportunity for the crew to reduce fuel consumption significantly.

3. **Insufficient Fuel for Extended Holding**: The aircraft had departed with the required fuel onboard but did not have enough fuel to hold for the extra time beyond the initially estimated delay while maintaining required fuel reserves.

**Crew Decisions**: The flight crew appropriately declared a fuel MAYDAY when they determined they would land with less than the required fixed fuel reserve. This was their only option to receive priority landing and preserve their required fuel reserve.

**ATC Contribution**: While ATC applied the required priority to the aircraft after the MAYDAY declaration, the late notification of delays exceeding the 10-minute estimate was the key contributing factor that prevented the crew from taking corrective action.",3,1,"The generated answer is fully supported by the context, accurately describing the ATC delay notification timing, insufficient fuel for extended holding, and the crew's appropriate MAYDAY declaration.","The generated answer misses critical information from the ground truth about the aircraft using extra 600-700 kg of fuel due to descent from FL 340 to FL 280 and not being flown at planned speed schedule, which were primary contributing factors."
atsb_cs500_co50,AO-2022-064 Final.pdf,easy,What was the aircraft registration number of the Virgin Australia Boeing 737 that became airborne in a closed section of runway during departure from the A3 intersection on 30 November 2022?,VH-YFH,VH-YFH,3,3,"The answer is directly supported by the context, which explicitly states that on 30 November 2022, a Boeing 737 registered VH-YFH operated by Virgin Australia commenced take-off from the A3 intersection and became airborne in a closed section of runway.",The generated answer exactly matches the ground truth answer VH-YFH.
atsb_cs500_co50,AO-2022-064 Final.pdf,easy,On what date did the runway excursion occur at Brisbane Airport?,30-Nov-22,The runway excursion occurred on 30 November 2022.,3,3,The generated answer is directly supported by multiple references in the context to the incident occurring on 30 November 2022.,"The generated answer matches the ground truth answer exactly, providing the same date of 30 November 2022."
atsb_cs500_co50,AO-2022-064 Final.pdf,medium,Why did the captain dismiss the NOTAM regarding the displaced threshold on runway 01R?,"The captain misinterpreted the dispatcher's note to mean that there were no performance requirements for operations on RWY 19L. Based on this misunderstanding, the captain reviewed the NOTAMs and dismissed the NOTAM as not being relevant for their operation.","The captain dismissed the NOTAM regarding the displaced threshold on runway 01R for two reasons:

1. The captain had misinterpreted the dispatcher's note to mean there were no performance requirements for operations on RWY 19L, and therefore dismissed the NOTAM as not being relevant for their operation.

2. The captain expected a landing on RWY 19L in Brisbane and the NOTAM headline made no reference to RWY 19L (it only mentioned RWY 01R).",3,3,"The generated answer is fully supported by the context, which explicitly states both reasons why the captain dismissed the NOTAM: the misinterpretation of the dispatcher's note and the expectation of landing on RWY 19L with no reference to it in the NOTAM headline.","The generated answer matches the ground truth and provides additional correct detail about the NOTAM headline not referencing RWY 19L, which is supported by the context and enhances the completeness of the answer."
atsb_cs500_co50,AO-2022-064 Final.pdf,medium,What safety issue did the ATSB identify with the A3/19L intersection departure point signage?,"Contrary to the requirements of Part 139 Manual of Standards, the A3/19L intersection departure point take-off run available Movement Area Guidance Sign presented a take-off distance that was more than that available, creating the potential to mislead flight crews about the status of the runway when conducting a departure from that point.","The ATSB identified that the A3/19L intersection departure point take-off run available Movement Area Guidance Sign (MAGS) presented a take-off distance that was more than that available, which was contrary to the requirements of Part 139 Manual of Standards and created the potential to mislead flight crews about the status of the runway when conducting a departure from that point.",3,3,"The generated answer is fully supported by the context, directly quoting and paraphrasing information from the provided documents about the A3/19L MAGS issue.","The generated answer matches the ground truth answer completely, conveying the same information about the signage presenting incorrect take-off distance contrary to Part 139 requirements and the potential to mislead flight crews."
atsb_cs500_co50,AO-2022-064 Final.pdf,hard,What combination of factors led to the flight crew using the full runway length instead of the reduced length for departure performance calculations?,"The flight crew's misunderstanding that there were no performance requirements for operations on RWY 19L (established from misinterpreting the dispatcher's note and dismissing the NOTAM), combined with their failure to review NOTAMs en route or during approach briefing, their failure to identify the reduced landing distance in the ATIS, reinforcement from seeing no visible runway works during landing, and time pressures and distractions from prioritising training needs during the turnaround, all led to them using the full runway length instead of the reduced length in their departure performance calculations.","Based on the provided context, the combination of factors that led to flight crews using the full runway length instead of the reduced length for departure performance calculations included:

1. **Established belief that there were no performance requirements** for operations on the runway
2. **Time pressures** affecting the crew
3. **Distractions from prioritizing training needs**
4. **Expectations of a normal departure** - crews expected normal, full-length operations
5. **Workload pressures** that influenced the effectiveness of crews' reviews of flight information
6. **Failure to notice critical information** - crews only recorded ATIS weather and did not notice the essential aerodrome information relating to the reduced runway length in the ATIS and NOTAM
7. **Flight dispatchers not highlighting the restriction** - although dispatchers accounted for the reduced length in their calculations, they did not flag it operationally because it did not result in an operational restriction

These factors combined to cause crews to select pre-coded full-length runway options in their performance tools, resulting in incompatible reduced thrust settings for the actually available runway length.",3,2,All points in the generated answer are directly supported by statements in the provided context passages.,"The generated answer captures most key factors from the ground truth (belief about no performance requirements, time pressures, distractions, expectations, failure to notice ATIS/NOTAM information) but misses specific details about misinterpreting the dispatcher's note, failure to review NOTAMs en route/during approach briefing, and reinforcement from seeing no visible runway works during landing."
atsb_cs500_co50,AO-2022-051 Final.pdf,easy,What was the date of the Virgin Australia incident involving flight below minimum altitude 40 km south of Cairns Airport?,24-Oct-22,24 October 2022 (with a second occurrence on 26 October 2022),3,3,"The generated answer is fully supported by the context, which explicitly mentions occurrences on both 24 and 26 October 2022 in the title and throughout the document.",The generated answer correctly identifies the primary date of 24 October 2022 as requested and accurately provides additional context about the second occurrence on 26 October 2022.
atsb_cs500_co50,AO-2022-051 Final.pdf,easy,What was the minimum sector altitude that both aircraft descended below?,"6,500 ft","I cannot determine this from the provided context.

The context mentions several different altitude-related incidents involving different aircraft, but it does not specify a common minimum sector altitude that ""both aircraft"" descended below. The context discusses separate incidents with different minimum altitudes (including 6,000 ft, 7,500 ft, and other references), but does not clearly identify two aircraft descending below the same minimum sector altitude.",3,0,"The generated answer correctly states it cannot determine the information from the context, which is faithful since the context does not contain information about both aircraft descending below 6,500 ft.","The answer fails to provide the ground truth value of 6,500 ft and instead claims the information cannot be determined from the context."
atsb_cs500_co50,AO-2022-051 Final.pdf,medium,Why did the flight crews fail to have the proper altitude constraints loaded into their flight management computers?,"The flight crews did not select an approach transition in the FMC, and when they manually resolved the resulting discontinuity by linking the HENDO waypoint to CS540, this removed the descent altitude protections associated with the HENDO waypoint in the approach programming.","Based on the provided context, the flight crews failed to have proper altitude constraints loaded into their flight management computers because:

1. **Data entry errors removed some altitude protections** - waypoints were not programmed into the FMC, which removed their associated altitude constraints.

2. **The approach briefing method was inadequate** - While both operators required briefings to ensure all waypoints and constraints were included, the crews' briefing method was ""not fully independent"" as it relied on the pilot flying to identify all constraints from the chart while the pilot monitoring reviewed the FMC data. This process failed to identify the missing constraints.

3. **Fatigue likely contributed** - Both flight crewmembers were likely experiencing fatigue known to adversely affect performance, which, combined with high workload during the missed approach and second approach, led to the early descent and monitoring errors.",3,1,"The generated answer is fully supported by the context, accurately citing data entry errors, briefing procedure issues, and fatigue as contributing factors mentioned in the provided text.","While the answer identifies general issues like data entry errors and briefing failures, it misses the specific technical detail from the ground truth about not selecting an approach transition and manually linking HENDO to CS540, which was the root cause."
atsb_cs500_co50,AO-2022-051 Final.pdf,medium,What were the problems identified with the Jeppesen RNP Y runway 33 approach chart that contributed to the incidents?,"The chart did not include waypoints HENDO, CS522 and CS523 in the vertical profile depiction, and the map presented information associated with those waypoints over dense topographical information, which limited the crews' ability to identify the omitted descent restrictions.","Based on the context provided, the problems identified with the Jeppesen RNP Y runway 33 approach chart were:

1. **Missing waypoints in the vertical profile depiction**: The chart did not include the waypoints HENDO, CS522, and CS523 in the vertical profile.

2. **Poor presentation of information**: The map presented information associated with those waypoints over dense topographical information, which likely limited the ability of both flight crews to properly interpret the chart.

These chart deficiencies contributed to the incidents where aircraft descended below the minimum safe altitude.",3,3,"The generated answer is fully supported by the context, which explicitly mentions the missing waypoints and the presentation over dense topographical information.","The generated answer completely matches the ground truth, correctly identifying both the missing waypoints in the vertical profile and the presentation issue over dense topographical information that limited crews' ability."
atsb_cs500_co50,AO-2022-051 Final.pdf,hard,"How did the sequence of errors by both flight crews lead to the aircraft descending below minimum safe altitude, and what actions did the airlines take afterward to prevent recurrence?","Both crews failed to select an approach transition in the FMC, then manually linked waypoints to resolve the discontinuity, which removed critical altitude constraints. Their briefings also failed to identify the data entry errors. After the incidents, Virgin Australia issued safety updates and operational notices highlighting the complex nature of the procedure and correct FMC entry, while Qantas issued notices about approach transition selection, incorporated the information into training programs and route manuals, demonstrating a systemic response to address the procedural and chart-related contributing factors.","Based on the provided context, the sequence of errors occurred as follows:

**How the errors led to descending below minimum safe altitude:**
1. The captain commenced the second approach descent early by incorrectly applying their preferred descent technique from a lower altitude
2. The first officer failed to identify the early descent due to an incorrect mental model of the aircraft's position relative to the required flightpath
3. Both crewmembers were likely experiencing fatigue from inadequate sleep and the time of the approaches, which adversely affected their performance
4. High workload during the missed approach and second approach contributed to the early descent and monitoring errors
5. This resulted in the aircraft descending approximately 480 ft below segment minimum safe altitude on two occasions

**Actions taken by airlines to prevent recurrence:**
I cannot determine this from the provided context. The context does not include information about what actions the airline(s) took afterward to prevent similar incidents.",3,1,"The generated answer accurately represents all information from the context without adding unsupported claims, and explicitly states when information is not available in the context.","While the generated answer correctly describes the descent sequence and errors, it completely misses the ground truth information about FMC errors, waypoint linking, altitude constraint removal, and the specific corrective actions taken by Virgin Australia and Qantas."
atsb_cs500_co50,AO-2023-004 Final.pdf,easy,What was the registration number of the BAE 146 that descended below minimum altitude 15 km south of Rockhampton Airport on a freight flight from Brisbane in January 2023?,VH-SFV,VH-SFV,3,3,The answer 'VH-SFV' is directly stated in the context as the registration number of the British Aerospace BAE 146 that descended below minimum altitude 15 km south of Rockhampton Airport on 5 January 2023.,The generated answer 'VH-SFV' exactly matches the ground truth answer 'VH-SFV'.
atsb_cs500_co50,AO-2023-004 Final.pdf,easy,What time did the aircraft depart Brisbane for Rockhampton on 5 January 2023?,0238 local time,"I cannot determine this from the provided context.

The context does not contain any information about a flight from Brisbane to Rockhampton on 5 January 2023.",3,0,"The generated answer correctly states that the provided context does not contain information about a flight from Brisbane to Rockhampton on 5 January 2023, which is fully supported by the context.","The generated answer fails to provide the ground truth departure time of 0238 local time, instead stating the information cannot be determined from the context."
atsb_cs500_co50,AO-2023-004 Final.pdf,medium,"What altitude did the aircraft descend to when crossing BRKSI, and how far below the segment minimum safe altitude was this?","The aircraft crossed BRKSI at 1,705 ft, which was 1,295 ft below the SMSA of 3,000 ft.","When crossing BRKSI, the aircraft descended to 1,705 ft, which was 1,295 ft below the segment minimum safe altitude (SMSA) of 3,000 ft.",3,3,"The answer is fully supported by the context, which explicitly states the aircraft crossed BRKSI at 1,705 ft, 1,295 ft below the SMSA of 3,000 ft.","The generated answer matches the ground truth answer completely, providing all the same key details including the crossing altitude of 1,705 ft and the 1,295 ft deviation below the 3,000 ft SMSA."
atsb_cs500_co50,AO-2023-004 Final.pdf,medium,What contributed to the captain's early descent and the first officer's failure to identify it?,"The captain incorrectly applied their preferred regular descent technique from a lower altitude, and the first officer had an incorrect mental model of the aircraft's position in relation to the required flightpath.","Based on the provided context, the captain's early descent was caused by the incorrect application of their preferred regular descent technique but from a lower altitude. The first officer's failure to identify the early descent was due to an incorrect mental model of the aircraft's position in relation to the required flightpath.",3,3,"The generated answer is directly supported by the context, specifically the 'What the ATSB found' section which states these exact findings.","The generated answer matches the ground truth answer completely, accurately conveying both the captain's incorrect application of descent technique and the first officer's incorrect mental model."
atsb_cs500_co50,AO-2023-004 Final.pdf,hard,"How did fatigue, workload, and roster characteristics combine to contribute to the incident, and what was done to address these factors?","Both crew members were likely experiencing fatigue due to inadequate sleep and the time of approaches, which combined with high workload during the missed approach led to descent and monitoring errors. The irregular and disruptive rosters impaired their ability to obtain adequate sleep. The operator responded by establishing a fatigue safety action group, temporarily reducing operational workload, revising procedures to reduce approach workload, and improving training programs.","Based on the provided context:

**How factors combined to contribute:**
- Rosters were irregular, unpredictable, and had inconsistent duty hours that disrupted crew sleep patterns and reduced their ability to obtain adequate sleep prior to the incident flight
- However, the rostering practices were ""not considered contributory to the incident"" and were compliant with regulatory requirements
- The time of incident was associated with reduced human alertness and high fatigue risk
- Individual fatigue indicators (sleep in previous 24-48 hours, time on duty, time awake) were within acceptable limits and unlikely to increase fatigue risk

**Actions taken to address these factors:**
- Temporary reduction in total operational workload to reduce roster pressures and increase roster stability while training additional flight crew
- Revisions to standard operating procedures to clarify actions and reduce workload during approaches
- Revision of training programs for flight management computer use during approaches

The context presents somewhat contradictory information about whether roster characteristics actually contributed to the incident, though improvements were made to rostering and workload management.",3,2,"The generated answer accurately reflects all information from the context, including the contradictory nature of statements about roster contribution, and correctly cites the actions taken.",The answer captures the actions taken and roster issues accurately but misses key details about crew experiencing fatigue leading to descent/monitoring errors and the establishment of a fatigue safety action group mentioned in the ground truth.
atsb_cs500_co50,AO-2023-010 Final.pdf,easy,What was the registration number of the Boeing 737 that experienced a hard landing at Sydney Airport on 10 March 2023 during Virgin Australia flight VA916 from Brisbane?,VH-YQR,The registration number was VH-YQR.,3,3,"The answer is fully supported by the context, which explicitly states that Boeing 737 registered VH-YQR operated as flight VA916 and experienced a hard landing at Sydney Airport on 10 March 2023.","The generated answer matches the ground truth answer exactly, providing the correct registration number VH-YQR."
atsb_cs500_co50,AO-2023-010 Final.pdf,easy,What was the date and location of the hard landing incident?,"10 March 2023 at Sydney Airport, New South Wales","The hard landing incident occurred on 10 March 2023 at Sydney Airport, New South Wales.",3,3,"The answer is fully supported by the context, which clearly states in the title 'Hard landing involving Boeing 737, VH-YQR Sydney Airport, New South Wales on 10 March 2023'.",The generated answer provides the exact date and location matching the ground truth answer completely.
atsb_cs500_co50,AO-2023-010 Final.pdf,medium,What was the discrepancy between the training provider's flare initiation instruction and the flight crew training manual requirement?,"The training provider was training pilots to initiate the flare at 30 ft, while the flight crew training manual required that the aircraft be flared at approximately 20 ft.","The training provider taught pilots to initiate the flare at 30 feet (or at 25 feet according to their landing briefing), whereas the Boeing 737 NG/MAX Flight Crew Training Manual (FCTM) and the operator required the flare to be commenced at approximately 20 feet.",3,3,"The generated answer is fully supported by the context, which explicitly states the training provider taught flare initiation at 30 ft (and mentions 25 ft in the briefing) while the FCTM required flare at 20 ft.","The generated answer correctly identifies the discrepancy between the training provider's 30 ft flare initiation instruction and the FCTM's 20 ft requirement, matching the ground truth answer with additional supported detail about the 25 ft briefing."
atsb_cs500_co50,AO-2023-010 Final.pdf,medium,"What sequence of events led to the hard landing after the initial touchdown, and what was the G-force experienced?","The first officer flared later than normal and the throttle was not reduced to idle before initial touchdown, causing the aircraft to bounce approximately 3 ft. During the bounce, ground spoilers and speed brakes deployed, resulting in a hard landing of 2.96 G on the second touchdown.","Based on the provided context, the sequence of events leading to the hard landing after initial touchdown was:

1. Late flare initiated at approximately 10-15 feet with pitch reaching 5°
2. Higher than idle thrust maintained through initial touchdown (approximately 37% N1)
3. Aircraft touched down and bounced (approximately 2-3 feet)
4. During the bounce, thrust was reduced but not to idle
5. Ground spoilers/speedbrakes deployed while the aircraft was still airborne
6. Aircraft made a second, hard landing

The G-force experienced during the second landing was **2.2 G**. 

A similar incident on April 5, 2023 resulted in 1.94 G on initial touchdown, with both events sharing the characteristic that spoilers deployed prematurely while airborne during the bounce, significantly contributing to the hard landing.",3,2,"The generated answer is fully supported by the context, accurately describing the sequence of events and G-force from the provided flight data.","The answer correctly describes the sequence and provides a G-force value (2.2 G) from the context, but this differs from the ground truth's stated 2.96 G for the second touchdown."
atsb_cs500_co50,AO-2023-010 Final.pdf,hard,"How did the training discrepancy, crew actions, and aircraft systems deployment combine to create the hard landing, and what broader safety actions were taken to address systemic issues?","The training provider's instruction to flare at 30 ft (instead of the required 20 ft) combined with the first officer's late flare and failure to reduce throttle to idle caused an initial bounce. The automatic deployment of ground spoilers and speed brakes during the bounce prevented recovery and resulted in the 2.96 G hard landing. To address systemic issues, the operator conducted reviews of hard landing events, increased oversight of external training providers to ensure alignment with procedures, added Zero Flight Time simulator sessions, conducted independent reviews of the checking and training department, and the training provider (CAE) reviewed all courseware, modified training materials to align with manufacturer guidance, and issued bulletins to ensure proper techniques were taught.","I cannot determine this from the provided context.

The context mentions various safety actions taken by different organizations (including revisions to training programs, standard operating procedures, workload reductions, and notices to crew), but it does not provide specific information about:
- A hard landing incident
- The specific training discrepancy that contributed to it
- How crew actions combined with aircraft systems deployment to cause the hard landing
- Which systemic issues these safety actions were specifically addressing in relation to a hard landing

The context appears to be fragments from different incidents and safety investigations, but does not contain the connected narrative needed to answer your specific question about a hard landing event.",3,0,"The generated answer is fully faithful to the context by accurately stating that the provided fragments do not contain information about the hard landing incident, training discrepancy, or specific systemic issues mentioned in the question.","The answer completely fails to provide any of the key information in the ground truth, including the flare height discrepancy, the 2.96 G landing, the bounce sequence, or the specific safety actions taken by the operator and CAE."
